game_id,commence_time,away_team,home_team,has_schedule_match
f1bc532dff946d15cb85654b5c4b246e,2025-09-05T00:20:00Z,Dallas Cowboys,Philadelphia Eagles,false
9535d3e3ee9d9fc83ea2b500ad0b587c,2025-09-06T00:00:00Z,Kansas City Chiefs,Los Angeles Chargers,false
0b2455795dfcd692dd607503e4f20d04,2025-09-07T17:00:00Z,Las Vegas Raiders,New England Patriots,false
1e09eb3fe1385796c1a32000de48ac64,2025-09-07T17:00:00Z,Tampa Bay Buccaneers,Atlanta Falcons,false
394256a6c3d0f5ecd1208fffaae6a72f,2025-09-07T17:00:00Z,Carolina Panthers,Jacksonville Jaguars,false
4cce00ca468c67eca17a9a061f778fb2,2025-09-07T17:00:00Z,New York Giants,Washington Commanders,false
557d13ef8f4c1d21044f3a478cda6d0b,2025-09-07T17:00:00Z,Arizona Cardinals,New Orleans Saints,false
5ed483bb614b18955f8b43f177746371,2025-09-07T17:00:00Z,Pittsburgh Steelers,New York Jets,false
b02a72c768a6c6dee87aa74f78e84176,2025-09-07T17:00:00Z,Miami Dolphins,Indianapolis Colts,false
e2d3b0596efcebc1c19dab92009f5e26,2025-09-07T17:00:00Z,Cincinnati Bengals,Cleveland Browns,false
68397f3aa9eb847a421a49f990a11928,2025-09-07T20:05:00Z,Tennessee Titans,Denver Broncos,false
9f1ad249959aacae89e5e74e43429a4a,2025-09-07T20:05:00Z,San Francisco 49ers,Seattle Seahawks,false
8e0e2d9237098222f9ca7554b11b12bb,2025-09-07T20:25:00Z,Detroit Lions,Green Bay Packers,false
dc0e3db61983a138098f28226788d2d3,2025-09-07T20:25:00Z,Houston Texans,Los Angeles Rams,false
dee0a41ed5e8201a96d457899adbe918,2025-09-08T00:20:00Z,Baltimore Ravens,Buffalo Bills,false
c6d7807cee33d5e81c671527b9c8b3f1,2025-09-09T00:15:00Z,Minnesota Vikings,Chicago Bears,false
0c6e5d9821ce0d3e82f3e792879776a6,2025-09-12T00:16:00Z,Washington Commanders,Green Bay Packers,false
05a5b084f4e19535b2d3f91ef5c00169,2025-09-14T17:00:00Z,New York Giants,Dallas Cowboys,false
1ee9ea2c8256bc6be5dd92e60f6c17de,2025-09-14T17:00:00Z,Chicago Bears,Detroit Lions,false
575c1b169aab675ec72372ccb0f4c55f,2025-09-14T17:00:00Z,New England Patriots,Miami Dolphins,false
ec75e45d75691f810f347e0c5ff25d6e,2025-09-14T17:00:00Z,Jacksonville Jaguars,Cincinnati Bengals,false
0e6f68b30237afc04d1517a193213a65,2025-09-14T17:01:00Z,Los Angeles Rams,Tennessee Titans,false
553edb8bf2452482b37dde58e832a6fb,2025-09-14T17:01:00Z,Cleveland Browns,Baltimore Ravens,false
82f9fd7001598d5cf9c1bdd57c66cae4,2025-09-14T17:01:00Z,Seattle Seahawks,Pittsburgh Steelers,false
866d7405986fb4d14897cdb6c0aa5926,2025-09-14T17:01:00Z,San Francisco 49ers,New Orleans Saints,false
cd0fd9335b5182d3bfed35ab8d5ab6fb,2025-09-14T17:01:00Z,Buffalo Bills,New York Jets,false
7e2ad5ef04493526707e0868f7b70c47,2025-09-14T20:05:00Z,Carolina Panthers,Arizona Cardinals,false
e217b38ef8bc6e98d3512cb42b90782e,2025-09-14T20:06:00Z,Denver Broncos,Indianapolis Colts,false
bbec8d71145954cff67915c9b006bb6e,2025-09-14T20:25:00Z,Philadelphia Eagles,Kansas City Chiefs,false
37d09ce5d357536d0e58dd4ba0ab4106,2025-09-15T00:20:00Z,Atlanta Falcons,Minnesota Vikings,false
7d9a04f411031528d9c1d2df7b9a0453,2025-09-15T23:01:00Z,Tampa Bay Buccaneers,Houston Texans,false
bebae12f59f19bd877df7ac3cab05263,2025-09-16T02:00:00Z,Los Angeles Chargers,Las Vegas Raiders,false
aca5234c57e31b1931e51d2d0d6046f5,2025-09-19T00:15:00Z,Miami Dolphins,Buffalo Bills,false
02522f48a7b7e7524881c1b1638cd94d,2025-09-21T17:00:00Z,New York Jets,Tampa Bay Buccaneers,false
03a5eed2c8ef5d1c8a48866ea4b0d63a,2025-09-21T17:00:00Z,Las Vegas Raiders,Washington Commanders,false
5737e4dbf6879c5061bb23033a4d8a55,2025-09-21T17:00:00Z,Atlanta Falcons,Carolina Panthers,false
581955d1b79fe87a3a61a4885cd7ea67,2025-09-21T17:00:00Z,Green Bay Packers,Cleveland Browns,false
97de7672b61dbddbce982711c121e76d,2025-09-21T17:00:00Z,Houston Texans,Jacksonville Jaguars,false
c4c42918a645b1a4773f47d7eaa5cfcf,2025-09-21T17:00:00Z,Pittsburgh Steelers,New England Patriots,false
eefb7f130c8fc2c129e296fe5c6ba3e3,2025-09-21T17:00:00Z,Cincinnati Bengals,Minnesota Vikings,false
4c4ae4a2d54fc3f71c450187e9391ddc,2025-09-21T17:01:00Z,Los Angeles Rams,Philadelphia Eagles,false
bb506016737825f4d0b1f9862f95c246,2025-09-21T17:01:00Z,Indianapolis Colts,Tennessee Titans,false
0ee3f5a0078c21cfdffd1b97002e7da5,2025-09-21T20:05:00Z,Denver Broncos,Los Angeles Chargers,false
311c411c2d53e36a902763dc7a2ef678,2025-09-21T20:05:00Z,New Orleans Saints,Seattle Seahawks,false
186868cc79ce1f5d22075b67ebbc7b64,2025-09-21T20:25:00Z,Dallas Cowboys,Chicago Bears,false
20b50dac292089c063b21e1410f172ef,2025-09-21T20:26:00Z,Arizona Cardinals,San Francisco 49ers,false
ee840f13db8bd150fcdd8f6670fa7041,2025-09-22T00:21:00Z,Kansas City Chiefs,New York Giants,false
6e67ddae4bb01d1c2d3f461ee62d2666,2025-09-23T00:15:00Z,Detroit Lions,Baltimore Ravens,false
4a08b89f07a4a395620f6df5c1d239f4,2025-09-26T00:16:00Z,Seattle Seahawks,Arizona Cardinals,false
4dd631102a977fd398f7ea594ed208f2,2025-09-28T13:33:00Z,Minnesota Vikings,Pittsburgh Steelers,false
bcb1f89cf378a586097c50585e53acce,2025-09-28T17:00:00Z,Cleveland Browns,Detroit Lions,false
d921b1e86b0a30ad91000ffc360d302d,2025-09-28T17:00:00Z,Los Angeles Chargers,New York Giants,false
85c9b76cd6bd575b611cb4e8feb7a0b0,2025-09-28T17:01:00Z,Tennessee Titans,Houston Texans,false
894976986c24d52cf1d45f0e6bb0e90c,2025-09-28T17:01:00Z,Philadelphia Eagles,Tampa Bay Buccaneers,false
b7934d72587b62de0f563ac9acbaa770,2025-09-28T17:01:00Z,Washington Commanders,Atlanta Falcons,false
d16a43752aaac66e9ff8768d8590b662,2025-09-28T17:01:00Z,New Orleans Saints,Buffalo Bills,false
f8fe40924827231233dc10f6999d8ff7,2025-09-28T17:01:00Z,Carolina Panthers,New England Patriots,false
09f55b4a19a83eb951a9400a11123477,2025-09-28T20:06:00Z,Jacksonville Jaguars,San Francisco 49ers,false
d90e0de2d5fa2d57e8812f31775ad0ba,2025-09-28T20:06:00Z,Indianapolis Colts,Los Angeles Rams,false
051233db287b02fd3e7574955879ece2,2025-09-28T20:25:00Z,Baltimore Ravens,Kansas City Chiefs,false
af6fbb0a2e996613bc393115276c60e2,2025-09-28T20:26:00Z,Chicago Bears,Las Vegas Raiders,false
de432abcc3bd8d42a582ae9f71388dcd,2025-09-29T00:21:00Z,Green Bay Packers,Dallas Cowboys,false
bc76fb8d846588ed46297aaab4e83de9,2025-09-29T23:16:00Z,New York Jets,Miami Dolphins,false
8dcb2a6bf542ccb7e6bc58f83c8fc2ac,2025-09-30T00:16:00Z,Cincinnati Bengals,Denver Broncos,false
c4b72eabb3d557e73022ec730d8e3944,2025-10-03T00:16:00Z,San Francisco 49ers,Los Angeles Rams,false
6e206c7bc9379b07d27298a393305384,2025-10-05T13:32:00Z,Minnesota Vikings,Cleveland Browns,false
1e3d3526039030b96471845ade5992cf,2025-10-05T17:01:00Z,Las Vegas Raiders,Indianapolis Colts,false
1fe136913ef0e77717c0f0668163637f,2025-10-05T17:01:00Z,New York Giants,New Orleans Saints,false
6eb8eeff6a052455649ddd2a50e0a188,2025-10-05T17:01:00Z,Houston Texans,Baltimore Ravens,false
bc4f9a719baf61261befad75f4bdb539,2025-10-05T17:01:00Z,Denver Broncos,Philadelphia Eagles,false
df7e32f3c6cfaaa66de560906faabe32,2025-10-05T17:01:00Z,Dallas Cowboys,New York Jets,false
ff8222149317a63ffe50fcda777d14c0,2025-10-05T17:01:00Z,Miami Dolphins,Carolina Panthers,false
6f5a22a3ca33478094cef1e9212ba0fc,2025-10-05T20:06:00Z,Tampa Bay Buccaneers,Seattle Seahawks,false
8fa3fd86eaa7b432469d43b84904e1dc,2025-10-05T20:06:00Z,Tennessee Titans,Arizona Cardinals,false
79c4e9f40e2647dc2a7b377cf61c48cd,2025-10-05T20:26:00Z,Washington Commanders,Los Angeles Chargers,false
e9de9c4390a28a90f437760050b23531,2025-10-05T20:26:00Z,Detroit Lions,Cincinnati Bengals,false
ba826e757d625a676452b8d3d6971bb0,2025-10-06T00:21:00Z,New England Patriots,Buffalo Bills,false
1910db6879dddf37e4f86f0bcf1c9547,2025-10-07T00:16:00Z,Kansas City Chiefs,Jacksonville Jaguars,false
e10fe83ee6178a598e7fa84ea0913366,2025-10-10T00:15:00Z,Philadelphia Eagles,New York Giants,false
e34812ee7fbf13bd75e4298bccfbdd10,2025-10-12T13:32:26Z,Denver Broncos,New York Jets,false
e5dd1fed586cfc0ec2d7c06f2a02c37a,2025-10-12T17:00:00Z,Seattle Seahawks,Jacksonville Jaguars,false
f2c642e1f95555424b9a9a4f03733b42,2025-10-12T17:00:00Z,New England Patriots,New Orleans Saints,false
a11bbccb332241029ebaeb519b93b776,2025-10-12T17:01:00Z,Cleveland Browns,Pittsburgh Steelers,false
a7211a87bbd5fb2ee473eb9c93ee2e68,2025-10-12T17:01:00Z,Los Angeles Chargers,Miami Dolphins,false
b235bc78609644cb28492cc1d6ad69fd,2025-10-12T17:01:00Z,Los Angeles Rams,Baltimore Ravens,false
dd3a14fa1529e79bd338a7bfd71d5b3a,2025-10-12T17:01:00Z,Dallas Cowboys,Carolina Panthers,false
dfa87b0532de1389297103c2e3195347,2025-10-12T17:01:00Z,Arizona Cardinals,Indianapolis Colts,false
4963bff460a5f26cab46a8e5ea6db148,2025-10-12T20:06:00Z,Tennessee Titans,Las Vegas Raiders,false
0c85b0939650e29689bb2651b33522eb,2025-10-12T20:26:00Z,Cincinnati Bengals,Green Bay Packers,false
9e705d669039f2ca8364f408b7792a8a,2025-10-12T20:26:00Z,San Francisco 49ers,Tampa Bay Buccaneers,false
82e432d5d8bc0b5a6cbe0c324de90de3,2025-10-13T00:20:00Z,Detroit Lions,Kansas City Chiefs,false
33e0adf378d2856ffe5f8452e7d5512d,2025-10-13T23:15:00Z,Buffalo Bills,Atlanta Falcons,false
38366aa83a3eb6cef71a1134c4fceb2c,2025-10-14T00:16:00Z,Chicago Bears,Washington Commanders,false
6076f9eab496770efc0ab7095b27c122,2025-10-17T00:15:00Z,Pittsburgh Steelers,Cincinnati Bengals,false
79de65f1b97c9145ebdcb019eb486500,2025-10-19T13:32:42Z,Los Angeles Rams,Jacksonville Jaguars,false
3127c0dd6ed51a44354af51791bc3e5a,2025-10-19T17:00:00Z,Las Vegas Raiders,Kansas City Chiefs,false
6a8d2daf7f75100d02656bc0217737e8,2025-10-19T17:00:00Z,Philadelphia Eagles,Minnesota Vikings,false
8f06a4b503cc7309cb0df4a8b67f9930,2025-10-19T17:00:00Z,New Orleans Saints,Chicago Bears,false
ba4e8bfa1f4eeaa74c7b09f409361c0d,2025-10-19T17:00:00Z,Carolina Panthers,New York Jets,false
f0336c9a3749716250afba387d157377,2025-10-19T17:00:00Z,Miami Dolphins,Cleveland Browns,false
f7fa9341eeffb08f7e6e769398cd32e2,2025-10-19T17:00:00Z,New England Patriots,Tennessee Titans,false
3be866344dfa050e602a6e69170b3cbe,2025-10-19T20:05:00Z,New York Giants,Denver Broncos,false
a0ad5501e9d1d2ee9f61d9f293374f17,2025-10-19T20:05:00Z,Indianapolis Colts,Los Angeles Chargers,false
1036171316ac51350b388c99e000cfc1,2025-10-19T20:25:00Z,Green Bay Packers,Arizona Cardinals,false
ff0c1ce30d562926ce40fc9bbaa2b7b1,2025-10-19T20:25:00Z,Washington Commanders,Dallas Cowboys,false
7b2ded52498efcf97a08ef10ee99b0f3,2025-10-20T00:20:00Z,Atlanta Falcons,San Francisco 49ers,false
b808059d3ccc754ace4a3d23b58e47e8,2025-10-20T23:00:00Z,Tampa Bay Buccaneers,Detroit Lions,false
7ca953ab786f70b22cabbe4946d330fa,2025-10-21T02:00:00Z,Houston Texans,Seattle Seahawks,false
6439b16f4a038f1c351dc3f1aef27471,2025-10-24T00:15:00Z,Minnesota Vikings,Los Angeles Chargers,false
3536a3e857050d2dd6e2019ceb668f67,2025-10-26T17:00:00Z,Cleveland Browns,New England Patriots,false
53d4369464c66630f03a5d128cd39b08,2025-10-26T17:00:00Z,Buffalo Bills,Carolina Panthers,false
9c1f73e48ca9750f6e7d5d64874057c2,2025-10-26T17:00:00Z,New York Jets,Cincinnati Bengals,false
a061e80d1f50eab193b34d19f8e59f62,2025-10-26T17:00:00Z,Chicago Bears,Baltimore Ravens,false
a8ebe01e05675c109b53a97f653f8653,2025-10-26T17:00:00Z,New York Giants,Philadelphia Eagles,false
abc4104a9ac597ce37d703613256fd6c,2025-10-26T17:00:00Z,San Francisco 49ers,Houston Texans,false
ac02b1b59aa0623845378a02bc530c68,2025-10-26T17:00:00Z,Miami Dolphins,Atlanta Falcons,false
a8dd9bb0681692540d067bd0e9e66989,2025-10-26T20:05:00Z,Tampa Bay Buccaneers,New Orleans Saints,false
40c2ebd9ddd5ce8ff5b1ada730bb1785,2025-10-26T20:25:00Z,Dallas Cowboys,Denver Broncos,false
88187a33b007c088d75c6cd14c83086c,2025-10-26T20:25:00Z,Tennessee Titans,Indianapolis Colts,false
fb900eef07307ebf5c1930341ecd852a,2025-10-27T00:20:00Z,Green Bay Packers,Pittsburgh Steelers,false
7e3361e84d5223a8d210a887b249f247,2025-10-28T00:15:00Z,Washington Commanders,Kansas City Chiefs,false
677dbbb6ad96fc5f5b36bb20b43139dd,2025-10-31T00:15:00Z,Baltimore Ravens,Miami Dolphins,false
016f76d8237e8d4eb62b9c2ef68381bb,2025-11-02T18:00:00Z,Chicago Bears,Cincinnati Bengals,false
2340a6e0794d5688996dcf8aaf634742,2025-11-02T18:00:00Z,Indianapolis Colts,Pittsburgh Steelers,false
6031b513e188fc19a2311499566c9258,2025-11-02T18:00:00Z,Carolina Panthers,Green Bay Packers,false
6dd3b8a705ed0db85d59fa19b9062cc8,2025-11-02T18:00:00Z,Atlanta Falcons,New England Patriots,false
72e2ce6652bbb3901f60b38bec05bf5f,2025-11-02T18:00:00Z,Denver Broncos,Houston Texans,false
a788e7cebff4b5fe10034710090e4529,2025-11-02T18:00:00Z,San Francisco 49ers,New York Giants,false
b60025aea576e2e89ef7bc7303f847ec,2025-11-02T18:00:00Z,Los Angeles Chargers,Tennessee Titans,false
cf95657d78ab3e515203df1d19c3b0c2,2025-11-02T18:00:00Z,Minnesota Vikings,Detroit Lions,false
b08df670a95f1809707b335dc75081c6,2025-11-02T21:05:00Z,New Orleans Saints,Los Angeles Rams,false
d0bf341e7959d69b55f1a8ff09065234,2025-11-02T21:05:00Z,Jacksonville Jaguars,Las Vegas Raiders,false
61531628516decd1ee8116da5f6f9056,2025-11-02T21:25:00Z,Kansas City Chiefs,Buffalo Bills,false
c2fd8a23091a954fb21ff6d3537db826,2025-11-03T01:20:00Z,Seattle Seahawks,Washington Commanders,false
f3dfb574e0a542375a480534525ee6cf,2025-11-04T01:15:00Z,Arizona Cardinals,Dallas Cowboys,false
13bdffda97e8fb13179fe3f2f69d66f8,2025-11-07T01:15:00Z,Las Vegas Raiders,Denver Broncos,false
42473c1ddf8f424069ff3f264dd8dca4,2025-11-09T14:35:08Z,Atlanta Falcons,Indianapolis Colts,false
21f47a328fb2ab65c01360a7a2bd9571,2025-11-09T18:00:00Z,New Orleans Saints,Carolina Panthers,false
39e7c1f6e36d5bc4d2613ebf7bb83c10,2025-11-09T18:00:00Z,New England Patriots,Tampa Bay Buccaneers,false
3b1a97366685a96e6e1940ae56cc4d31,2025-11-09T18:00:00Z,New York Giants,Chicago Bears,false
3c10bc18680995136017c3bfd3152334,2025-11-09T18:00:00Z,Buffalo Bills,Miami Dolphins,false
844b89333f293f055f8e0c147fb9fec5,2025-11-09T18:00:00Z,Cleveland Browns,New York Jets,false
9900b89c4776c5b47dd26ca4c755edf9,2025-11-09T18:00:00Z,Baltimore Ravens,Minnesota Vikings,false
9dbf94f23521c7cae7fd89b2d33fc3bd,2025-11-09T18:00:00Z,Jacksonville Jaguars,Houston Texans,false
740b843794cc89176c4ffe38b66d30d9,2025-11-09T21:05:00Z,Arizona Cardinals,Seattle Seahawks,false
2710103fe4fb0170ae03b4e34bde8132,2025-11-09T21:25:00Z,Los Angeles Rams,San Francisco 49ers,false
93365f943b3aa23705bc9e1c7b47d7f8,2025-11-09T21:25:00Z,Detroit Lions,Washington Commanders,false
349d53a4f89591312ea528e81b786474,2025-11-10T01:20:00Z,Pittsburgh Steelers,Los Angeles Chargers,false
438868ff90501a1fe9a0fbecbee9dc12,2025-11-11T01:15:00Z,Philadelphia Eagles,Green Bay Packers,false
32ec2bd4ac9e4c40f9f5cbed7e67f837,2025-11-14T01:15:00Z,New York Jets,New England Patriots,false
265f0188945bb81ec64751571eb724cb,2025-11-16T14:34:50Z,Washington Commanders,Miami Dolphins,false
0ae85bbc3711ad0cb94475a40e2364f0,2025-11-16T18:00:00Z,Carolina Panthers,Atlanta Falcons,false
229a5e9ce60dcb344a8cc3c97121154e,2025-11-16T18:00:00Z,Chicago Bears,Minnesota Vikings,false
591fd7cff37201a14cbdfbd457592445,2025-11-16T18:00:00Z,Los Angeles Chargers,Jacksonville Jaguars,false
5c06e82838fcfade9adf1e89b8bd3081,2025-11-16T18:00:00Z,Green Bay Packers,New York Giants,false
7147476b5d96c0ee874b838de3910ee3,2025-11-16T18:00:00Z,Cincinnati Bengals,Pittsburgh Steelers,false
96377d2fb55e3cef733cecccdecaed5f,2025-11-16T18:00:00Z,Tampa Bay Buccaneers,Buffalo Bills,false
fd2f29289d6437a7c07d4780c5f04936,2025-11-16T18:00:00Z,Houston Texans,Tennessee Titans,false
91630b9c62640117918fa30d2a62d2db,2025-11-16T21:05:00Z,San Francisco 49ers,Arizona Cardinals,false
e926e654cedeb65fcfcc389a5158ef4e,2025-11-16T21:05:00Z,Seattle Seahawks,Los Angeles Rams,false
96ce7785b0980b03282c7e10d4c58d4a,2025-11-16T21:25:00Z,Kansas City Chiefs,Denver Broncos,false
cc60225b5a907bd9ba7c27c23131fc5c,2025-11-16T21:25:00Z,Baltimore Ravens,Cleveland Browns,false
6d209e0e637f3b116ec958e0634f2a02,2025-11-17T01:20:00Z,Detroit Lions,Philadelphia Eagles,false
80d04ba917883a6438580ebae9fb0f22,2025-11-18T01:15:00Z,Dallas Cowboys,Las Vegas Raiders,false
cd2e0964817c30ad3f5144ea49b55f2b,2025-11-21T01:15:00Z,Buffalo Bills,Houston Texans,false
0ff4e68cf39cc57ca7cf1276e4a44d2f,2025-11-23T18:00:00Z,Seattle Seahawks,Tennessee Titans,false
1a8f3d70399a5cad83c95196795ed77b,2025-11-23T18:00:00Z,New England Patriots,Cincinnati Bengals,false
535bbe97d4e56494b039ade88459c338,2025-11-23T18:00:00Z,New York Giants,Detroit Lions,false
7159d60c7a31c7d593167637723d7663,2025-11-23T18:00:00Z,New York Jets,Baltimore Ravens,false
8b39d8dc550ced94f9faa91878ebf6b6,2025-11-23T18:00:00Z,Indianapolis Colts,Kansas City Chiefs,false
91019a528f43cd28965fdc68a3f3ef85,2025-11-23T18:00:00Z,Minnesota Vikings,Green Bay Packers,false
c8913b70b63ae247f23a4e1dec08c668,2025-11-23T18:00:00Z,Pittsburgh Steelers,Chicago Bears,false
27f50ddbc4c3fbad10398c5187a28dc7,2025-11-23T21:05:00Z,Cleveland Browns,Las Vegas Raiders,false
e32e0030899c06fdf2c74745ca27d85a,2025-11-23T21:05:00Z,Jacksonville Jaguars,Arizona Cardinals,false
4553ba763cb3cfcfc33fd62672a2057f,2025-11-23T21:25:00Z,Philadelphia Eagles,Dallas Cowboys,false
8c2d6a56aa63f42227f18a18fc3d2146,2025-11-23T21:25:00Z,Atlanta Falcons,New Orleans Saints,false
9e7119f5a24471c39145663b84f100b2,2025-11-24T01:20:00Z,Tampa Bay Buccaneers,Los Angeles Rams,false
90391be251d876bb41d36978a43c7ac2,2025-11-25T01:15:00Z,Carolina Panthers,San Francisco 49ers,false
fe2eb07797580740af78037ab498198e,2025-11-27T18:00:00Z,Green Bay Packers,Detroit Lions,false
de53b8a594fe830c5fd56484705cd756,2025-11-27T21:30:00Z,Kansas City Chiefs,Dallas Cowboys,false
883a79a306b312fad75ebf04b441b4da,2025-11-28T01:20:00Z,Cincinnati Bengals,Baltimore Ravens,false
52f539d9d080618aa8830a0b03846a80,2025-11-28T20:00:00Z,Chicago Bears,Philadelphia Eagles,false
36fcf5ca155a5dcd2f7a87fd2a985b02,2025-11-30T18:00:00Z,San Francisco 49ers,Cleveland Browns,false
61e1e459b2ddafd43e8808d4f40c01d9,2025-11-30T18:00:00Z,Jacksonville Jaguars,Tennessee Titans,false
67e51d17848485bed8737bd7043a275a,2025-11-30T18:00:00Z,Los Angeles Rams,Carolina Panthers,false
9da608f5bdae527b280abd61e47a110b,2025-11-30T18:00:00Z,Atlanta Falcons,New York Jets,false
c0d324e29ce58b36bdc77564f7aae56f,2025-11-30T18:00:00Z,Arizona Cardinals,Tampa Bay Buccaneers,false
e3c9bfba57bbe784481d881ea3b4519d,2025-11-30T18:00:00Z,New Orleans Saints,Miami Dolphins,false
fa46c661007f5f0cbbf6abf939ac9d51,2025-11-30T18:00:00Z,Houston Texans,Indianapolis Colts,false
6f956074c4df48e7b07a3286a6c6ed2a,2025-11-30T21:05:00Z,Minnesota Vikings,Seattle Seahawks,false
365a766a3862bc47a5455dc3b097421e,2025-11-30T21:25:00Z,Buffalo Bills,Pittsburgh Steelers,false
76ac5a8d2c8679ae6ea8861114791bd8,2025-11-30T21:25:00Z,Las Vegas Raiders,Los Angeles Chargers,false
9c040de8f1dfc3ddee20e0d65c9402de,2025-12-01T01:20:00Z,Denver Broncos,Washington Commanders,false
3e65786eddd4c7aee9e7f2504f6fdedc,2025-12-02T01:15:00Z,New York Giants,New England Patriots,false
81db991c5b34169eeeff8d734d8836d9,2025-12-05T01:15:00Z,Dallas Cowboys,Detroit Lions,false
15555b4c7283dc6553e011dd6c8aea8d,2025-12-07T18:00:00Z,New Orleans Saints,Tampa Bay Buccaneers,false
4e289ac7d9b5663fd5a06881f2b1424d,2025-12-07T18:00:00Z,Indianapolis Colts,Jacksonville Jaguars,false
4fead7bd0592ec121cc3baf72e3e21e0,2025-12-07T18:00:00Z,Pittsburgh Steelers,Baltimore Ravens,false
58b16c4033587f5662ff365bce2dbb92,2025-12-07T18:00:00Z,Washington Commanders,Minnesota Vikings,false
c67c327076a98a3a1c4a5eb32e5a80c2,2025-12-07T18:00:00Z,Cincinnati Bengals,Buffalo Bills,false
c86a0783216d21040c87fce3aadd3336,2025-12-07T18:00:00Z,Miami Dolphins,New York Jets,false
f0bdd27bbed46dfc3d0657500c95a96c,2025-12-07T18:00:00Z,Seattle Seahawks,Atlanta Falcons,false
f95be6b9bd8ce1208f766cbaae8a4822,2025-12-07T18:00:00Z,Tennessee Titans,Cleveland Browns,false
d5fd126cbfea2ccd79962a17f0ef4463,2025-12-07T21:05:00Z,Denver Broncos,Las Vegas Raiders,false
12bbffdcd65d53436b56c68a811ca610,2025-12-07T21:25:00Z,Los Angeles Rams,Arizona Cardinals,false
5b1211b476d0afa2b57133c9603583b6,2025-12-07T21:25:00Z,Chicago Bears,Green Bay Packers,false
4727a6cfcd3d604dbfcb898c5a4d40a6,2025-12-08T01:20:00Z,Houston Texans,Kansas City Chiefs,false
5d7b12c34454df4ff2c59a15ca58e63f,2025-12-09T01:15:00Z,Philadelphia Eagles,Los Angeles Chargers,false
08bfd9cd8115339250817cc66a8b3cba,2025-12-12T01:15:00Z,Atlanta Falcons,Tampa Bay Buccaneers,false
0f0601c020a478f5d9f81f06a141c2c8,2025-12-14T18:00:00Z,New York Jets,Jacksonville Jaguars,false
1aa1fb046f11dadb32dad77d5baf552e,2025-12-14T18:00:00Z,Baltimore Ravens,Cincinnati Bengals,false
3aba4bb1fe41ecd45f934116fcc90c3f,2025-12-14T18:00:00Z,Washington Commanders,New York Giants,false
813dab51d999b87c7968ac4890965f73,2025-12-14T18:00:00Z,Las Vegas Raiders,Philadelphia Eagles,false
8261541e6b9b32537bd0821ef2c0a05d,2025-12-14T18:00:00Z,Cleveland Browns,Chicago Bears,false
a360e4c43576d22057ff90d818928066,2025-12-14T18:00:00Z,Arizona Cardinals,Houston Texans,false
c127c7a2426ec655e18ca9c394068f6c,2025-12-14T18:00:00Z,Buffalo Bills,New England Patriots,false
cd5151f8a1e7fcba4901929e77b94acd,2025-12-14T18:00:00Z,Los Angeles Chargers,Kansas City Chiefs,false
2ec8a387d0c337aeffac3f956c292e87,2025-12-14T21:25:00Z,Green Bay Packers,Denver Broncos,false
7ba03312d1012d9872de9999e496558f,2025-12-14T21:25:00Z,Tennessee Titans,San Francisco 49ers,false
bd299b70476643cff05f2be58e12301a,2025-12-14T21:25:00Z,Detroit Lions,Los Angeles Rams,false
f3fd2782d4d03bd12a177fbbad17005b,2025-12-14T21:25:00Z,Carolina Panthers,New Orleans Saints,false
f7343baf47dcf23e672799d00788173d,2025-12-14T21:25:00Z,Indianapolis Colts,Seattle Seahawks,false
3c74ebd1d005a7346c182daf6f7279dd,2025-12-15T01:20:00Z,Minnesota Vikings,Dallas Cowboys,false
ba5d065a7e9ea9afe54642036f2ec83a,2025-12-16T01:15:00Z,Miami Dolphins,Pittsburgh Steelers,false
ac7881cc5a498c5b72680498d3fa8f6e,2025-12-19T01:15:00Z,Los Angeles Rams,Seattle Seahawks,false
18fe4528a0bc43d9cd64bd09c0d5019f,2025-12-20T22:00:00Z,Philadelphia Eagles,Washington Commanders,false
9f70d98bc6918dc8e21f329405b649fe,2025-12-21T01:20:00Z,Green Bay Packers,Chicago Bears,false
0cce34b9a49c4c6bdc1e65449e37a0f9,2025-12-21T18:00:00Z,Kansas City Chiefs,Tennessee Titans,false
2557976e0e66ab698539b543de125469,2025-12-21T18:00:00Z,Buffalo Bills,Cleveland Browns,false
3db6ba91d2a72ada8843d5a0517bff27,2025-12-21T18:00:00Z,Minnesota Vikings,New York Giants,false
945286798abb5081432aef109df29778,2025-12-21T18:00:00Z,Cincinnati Bengals,Miami Dolphins,false
aa5b25e85d1ad6540d7a5ae04b73ddfd,2025-12-21T18:00:00Z,New York Jets,New Orleans Saints,false
aa9d0cf732b6adde4ad3ec04ca79825c,2025-12-21T18:00:00Z,Los Angeles Chargers,Dallas Cowboys,false
d056f31082bdea4d018a26ba274b8430,2025-12-21T18:00:00Z,Tampa Bay Buccaneers,Carolina Panthers,false
7d71a0d3cc2a04eb35f1a725104217b5,2025-12-21T21:05:00Z,Atlanta Falcons,Arizona Cardinals,false
93c002f0a42d1b57f3bbabdcfe24ab97,2025-12-21T21:05:00Z,Jacksonville Jaguars,Denver Broncos,false
47a54fb60f7b79179bc80e18a7c5de81,2025-12-21T21:25:00Z,Las Vegas Raiders,Houston Texans,false
a03f89d3aaadf737deb09be24986d5bf,2025-12-21T21:25:00Z,Pittsburgh Steelers,Detroit Lions,false
a0476b027679a1670f21e8b75a860ab9,2025-12-22T01:20:00Z,New England Patriots,Baltimore Ravens,false
2dd4521ee298fa2c6f0ab009c182aae9,2025-12-23T01:15:00Z,San Francisco 49ers,Indianapolis Colts,false
de07002921b9b2b2e1ee2928e4270a3c,2025-12-25T18:00:00Z,Dallas Cowboys,Washington Commanders,false
29da148b927afea00a7774b2a8ee68e7,2025-12-25T21:30:00Z,Detroit Lions,Minnesota Vikings,false
29164a99a917051c6e1778270033d362,2025-12-26T01:15:00Z,Denver Broncos,Kansas City Chiefs,false
832c36c4b6d5132e88cf11391797c194,2025-12-27T21:30:00Z,Houston Texans,Los Angeles Chargers,false
85bead6a72a1952cdd737dcecb55446b,2025-12-28T01:01:00Z,Baltimore Ravens,Green Bay Packers,false
374166780155b8c14e867face95885ee,2025-12-28T18:00:00Z,Tampa Bay Buccaneers,Miami Dolphins,false
7aeff5d5bb88b218c7d72f267a90eb7f,2025-12-28T18:00:00Z,Arizona Cardinals,Cincinnati Bengals,false
8e7a26b4026e4eca7394cc523fa10a64,2025-12-28T18:00:00Z,Seattle Seahawks,Carolina Panthers,false
95bdb9f5b22f0491bfba1381637c5009,2025-12-28T18:00:00Z,New England Patriots,New York Jets,false
d75c88e4fb7650ab0577264980bdf98f,2025-12-28T18:00:00Z,New Orleans Saints,Tennessee Titans,false
e6721ef0adb705a8abcbedc2ef6dfb3a,2025-12-28T18:00:00Z,Pittsburgh Steelers,Cleveland Browns,false
f960b282ac197513c9d80bd28baa7e38,2025-12-28T18:00:00Z,Jacksonville Jaguars,Indianapolis Colts,false
dd4aec72c5175cb8cea67d5edc7b1990,2025-12-28T21:05:00Z,New York Giants,Las Vegas Raiders,false
596df6f5735277fee0cd78e61cd71060,2025-12-28T21:25:00Z,Philadelphia Eagles,Buffalo Bills,false
b0dedebd28a82f8f38398033356e9015,2025-12-29T01:20:00Z,Chicago Bears,San Francisco 49ers,false
ea5fe5f603483c8d46f83081cf780397,2025-12-30T01:15:00Z,Los Angeles Rams,Atlanta Falcons,false
4fd1173e2f647cbbebf6713d39693089,2026-01-03T21:30:00Z,Carolina Panthers,Tampa Bay Buccaneers,false
c624c615075899bb7be6a39e5eea3b2b,2026-01-04T01:00:00Z,Seattle Seahawks,San Francisco 49ers,false
26b8cf55eeac1bb05b585132f7dcc0e3,2026-01-04T18:00:00Z,Indianapolis Colts,Houston Texans,false
41fc7f3165cc9dfdb47c25a9decd7c9b,2026-01-04T18:00:00Z,Green Bay Packers,Minnesota Vikings,false
623e9172767ca231241e2313bbee095e,2026-01-04T18:00:00Z,Tennessee Titans,Jacksonville Jaguars,false
7906052ca20e6daddf755c7fe3932887,2026-01-04T18:00:00Z,New Orleans Saints,Atlanta Falcons,false
d48a44e7b45f563282fd042c2104da9b,2026-01-04T18:00:00Z,Dallas Cowboys,New York Giants,false
dad5ec44b4df2b91138872aeb4454e1e,2026-01-04T18:00:00Z,Cleveland Browns,Cincinnati Bengals,false
1a5451b8f0d74f90937c52bec447dc40,2026-01-04T21:25:00Z,Detroit Lions,Chicago Bears,false
2f4cf01e2db22ed928eb8f0357a74007,2026-01-04T21:25:00Z,Arizona Cardinals,Los Angeles Rams,false
30621f6a1072712bee795c15eafe9768,2026-01-04T21:25:00Z,Los Angeles Chargers,Denver Broncos,false
b6eb23d78a4e1b3bf9946be7cfac0e6b,2026-01-04T21:25:00Z,Washington Commanders,Philadelphia Eagles,false
bd5134e8440a2b12cc8ac98ab4f18093,2026-01-04T21:25:00Z,New York Jets,Buffalo Bills,false
d242576b25f56b3f598044c9abfb4df0,2026-01-04T21:25:00Z,Miami Dolphins,New England Patriots,false
de4ae000f7f94eecf9d827eabff2991b,2026-01-04T21:25:00Z,Kansas City Chiefs,Las Vegas Raiders,false
f609b38fe2bf0687644ad8603e28220b,2026-01-05T01:20:00Z,Baltimore Ravens,Pittsburgh Steelers,false
c37a03009947c0191ab4e2de9664705a,2026-01-10T21:30:00Z,Los Angeles Rams,Carolina Panthers,false
271335072b85daf0ceabb360ef75220e,2026-01-11T01:00:00Z,Green Bay Packers,Chicago Bears,false
f5701bd3d1340565779bc9ccf6d0b73b,2026-01-11T18:00:00Z,Buffalo Bills,Jacksonville Jaguars,false
467cba5a1b3809e6b990033dff600f48,2026-01-11T21:30:00Z,San Francisco 49ers,Philadelphia Eagles,false
d48193fef08ca62ade864612a40e2a4e,2026-01-12T01:00:00Z,Los Angeles Chargers,New England Patriots,false
932813a3782921beb4f7fecdf247865e,2026-01-13T01:00:00Z,Houston Texans,Pittsburgh Steelers,false
ea794ebbcb7cbcaf7753c65d0f1a15c8,2026-01-17T21:30:00Z,Buffalo Bills,Denver Broncos,false
9161553abe07f4eadf12b071f4f6e3ac,2026-01-18T01:00:00Z,San Francisco 49ers,Seattle Seahawks,false
1e7cc7c3ef7d9f4e473cb43f39652897,2026-01-18T20:00:00Z,Houston Texans,New England Patriots,false
3cb03f5ff8d371b94e8b55c7e58b7a34,2026-01-18T23:30:00Z,Los Angeles Rams,Chicago Bears,false
f1d11f109fd93364e11f97623bddf652,2026-01-25T20:00:00Z,New England Patriots,Denver Broncos,false
4bc6eb576f5079baecce8c56689c259a,2026-01-25T23:30:00Z,Los Angeles Rams,Seattle Seahawks,false
b64e3587d7a4cf01a568e7150a2a1aec,2026-02-08T23:30:00Z,Seattle Seahawks,New England Patriots,false
nfl_401872656,2026-09-10T00:20:00Z,New England Patriots,Seattle Seahawks,true
nfl_401872657,2026-09-11T00:35:00Z,San Francisco 49ers,Los Angeles Rams,true
7dddb296a42e7a41a774b24bd1709ce1,2026-09-13T17:00:00Z,New York Jets,Tennessee Titans,false
7e09efed7e12c659b82740b67ce2f9a1,2026-09-13T17:00:00Z,Buffalo Bills,Houston Texans,false
95c01d1bb797d6df14824b106c5a9130,2026-09-13T17:00:00Z,Atlanta Falcons,Pittsburgh Steelers,false
b6cfdcbafa61ce220ba87dc2d9b80c77,2026-09-13T17:00:00Z,Baltimore Ravens,Indianapolis Colts,false
c1d3fcec25aaeb06ebd2244d33d338e0,2026-09-13T17:00:00Z,New Orleans Saints,Detroit Lions,false
e55c6fe19fce094ce214c8b0e5b504e9,2026-09-13T17:00:00Z,Cleveland Browns,Jacksonville Jaguars,false
ed6d24ff979f9c71979fead577b0b3f7,2026-09-13T17:00:00Z,Tampa Bay Buccaneers,Cincinnati Bengals,false
fc362aff0d889ec52d358307a70c32ed,2026-09-13T17:00:00Z,Chicago Bears,Carolina Panthers,false
17885cb8dcade8f6c3bce14b2de805e8,2026-09-13T20:25:00Z,Washington Commanders,Philadelphia Eagles,false
1edfa5ceaa1ad2cb57df1c1b908731f6,2026-09-13T20:25:00Z,Arizona Cardinals,Los Angeles Chargers,false
c5d95f48a16849ab6bebc68fbbfcb74a,2026-09-13T20:25:00Z,Miami Dolphins,Las Vegas Raiders,false
cb77efed7e711d25a72c1a2a0a1af119,2026-09-13T20:25:00Z,Green Bay Packers,Minnesota Vikings,false
3e646c7479c57f5d9752d8c7dfe7059b,2026-09-14T00:20:00Z,Dallas Cowboys,New York Giants,false
5ad8135dc2b5f27de0b777acd317855a,2026-09-15T00:15:00Z,Denver Broncos,Kansas City Chiefs,false
56e8897681915f7ec92baeee952bb1ae,2026-09-18T00:15:00Z,Detroit Lions,Buffalo Bills,false
0283a29e1b38ef78b29b904fd56a16dd,2026-09-20T17:00:00Z,Minnesota Vikings,Chicago Bears,false
0636ebff776d43f8c829a36713c80b22,2026-09-20T17:00:00Z,Cleveland Browns,Tampa Bay Buccaneers,false
2143ade9684fd876b68a4e8cbf451f05,2026-09-20T17:00:00Z,New Orleans Saints,Baltimore Ravens,false
36ad2fa722f4915ef23d2c81351261de,2026-09-20T17:00:00Z,Cincinnati Bengals,Houston Texans,false
4aeee070bb6ec60bdfae4dede61b9014,2026-09-20T17:00:00Z,Green Bay Packers,New York Jets,false
9d14f87600f6edc74dbcb5c74edf6246,2026-09-20T17:00:00Z,Pittsburgh Steelers,New England Patriots,false
aee7eae1849ebb103b9bf233e9741392,2026-09-20T17:00:00Z,Carolina Panthers,Atlanta Falcons,false
fafc649c455e32a0f2ba1bd06e2039bc,2026-09-20T17:00:00Z,Philadelphia Eagles,Tennessee Titans,false
1fd6628c781f556a7a19638e97d7107f,2026-09-20T20:05:00Z,Jacksonville Jaguars,Denver Broncos,false
71b3b83747589efdc5baef2c5cf811bf,2026-09-20T20:05:00Z,Las Vegas Raiders,Los Angeles Chargers,false
4dd8020192a544385db42374e5555303,2026-09-20T20:25:00Z,Seattle Seahawks,Arizona Cardinals,false
68bc55903f50af4af4766adcc89fcc61,2026-09-20T20:25:00Z,Miami Dolphins,San Francisco 49ers,false
85ef85098ddd22fe4ecf45e7e3c0a9c0,2026-09-20T20:25:00Z,Washington Commanders,Dallas Cowboys,false
50bc247030707d823b9c3581d7eb5760,2026-09-21T00:20:00Z,Indianapolis Colts,Kansas City Chiefs,false
32367f882fac1a0c20a6335619922025,2026-09-22T00:15:00Z,New York Giants,Los Angeles Rams,false
e5fbd3b3953b896b1bf897ddadb3cc4b,2026-09-25T00:15:00Z,Atlanta Falcons,Green Bay Packers,false
0339a0e41bcee12820eb3e64bb5fadb4,2026-09-27T17:00:00Z,Kansas City Chiefs,Miami Dolphins,false
07f552badfa8a565d1be22123713e4da,2026-09-27T17:00:00Z,New York Jets,Detroit Lions,false
17a730b7d399feeab6a78c30767c29d2,2026-09-27T17:00:00Z,Houston Texans,Indianapolis Colts,false
1f3cfd315a24d1a7dd5859a8e6b88e18,2026-09-27T17:00:00Z,New England Patriots,Jacksonville Jaguars,false
2a529c108305ffa049d8b6cfdbaa4d36,2026-09-27T17:00:00Z,Seattle Seahawks,Washington Commanders,false
555afd4a27aaa392662881cffa8f2eef,2026-09-27T17:00:00Z,Tennessee Titans,New York Giants,false
613b8cd3a5fab58f7be4e3fd6f76223e,2026-09-27T17:00:00Z,Carolina Panthers,Cleveland Browns,false
71123be049587b6facce3a20c53e5d09,2026-09-27T17:00:00Z,Cincinnati Bengals,Pittsburgh Steelers,false
b225458a282e140c44c45651255f2f6c,2026-09-27T17:00:00Z,Los Angeles Chargers,Buffalo Bills,false
9d2b09e0f9b6dd5ce0d985894f4f98fa,2026-09-27T20:05:00Z,Arizona Cardinals,San Francisco 49ers,false
f1724dead3eab61546033032fc782375,2026-09-27T20:05:00Z,Minnesota Vikings,Tampa Bay Buccaneers,false
2e523fcb0497aa689473e290eb2b97de,2026-09-27T20:25:00Z,Las Vegas Raiders,New Orleans Saints,false
84cfca14efc21363fd605508404cf1ff,2026-09-27T20:25:00Z,Baltimore Ravens,Dallas Cowboys,false
3bfd8bfb4b8e9a365a0877879b73b16b,2026-09-28T00:20:00Z,Los Angeles Rams,Denver Broncos,false
47dc7baa254659f3beb2ed2b38c207b6,2026-09-29T00:15:00Z,Philadelphia Eagles,Chicago Bears,false
d55cb69fed50a09170560b5b75d8de86,2026-10-02T00:15:00Z,Pittsburgh Steelers,Cleveland Browns,false
c9d8ed8aa4889486eaf10a630138ede0,2026-10-04T13:30:00Z,Indianapolis Colts,Washington Commanders,false
164e6eb68f31bac190381903c3cccd31,2026-10-04T17:00:00Z,New York Jets,Chicago Bears,false
1b4f2e60ce83fa1d63a5dff83769d27c,2026-10-04T17:00:00Z,Los Angeles Rams,Philadelphia Eagles,false
2ea94ddf20f66432b9024fe2e2eaba5f,2026-10-04T17:00:00Z,Jacksonville Jaguars,Cincinnati Bengals,false
573cc0ef39631a4f6673ec843a8bedd4,2026-10-04T17:00:00Z,New England Patriots,Buffalo Bills,false
664e6bda5721dc63be16bcf7d962a436,2026-10-04T17:00:00Z,Arizona Cardinals,New York Giants,false
99a9bae4dc0dc2590496bd3102b211f2,2026-10-04T17:00:00Z,Green Bay Packers,Tampa Bay Buccaneers,false
daf55e2df5341c007fee5a0fc5bbc2d4,2026-10-04T17:00:00Z,Dallas Cowboys,Houston Texans,false
f01589b0e7e6dd4f4ac1220a1db81f53,2026-10-04T17:00:00Z,Tennessee Titans,Baltimore Ravens,false
c327223d76a3b7b0db8c6c104442f44b,2026-10-04T20:05:00Z,Miami Dolphins,Minnesota Vikings,false
96d2373cda647873b971f268482bced0,2026-10-04T20:25:00Z,Los Angeles Chargers,Seattle Seahawks,false
a7e7efb75a9792ac63480ae6328dca18,2026-10-04T20:25:00Z,Denver Broncos,San Francisco 49ers,false
e0cbd266dcf997089203a1b33ba0333d,2026-10-04T20:25:00Z,Kansas City Chiefs,Las Vegas Raiders,false
a73a76599a4f3422803e57bd8f61b626,2026-10-05T00:20:00Z,Detroit Lions,Carolina Panthers,false
8bd90781e17e6d97df3941063cedae1e,2026-10-06T00:15:00Z,Atlanta Falcons,New Orleans Saints,false
259b5df9aa0d10257f56de78523495e0,2026-10-09T00:15:00Z,Tampa Bay Buccaneers,Dallas Cowboys,false
21b26266f3d78af02eb672e606275d95,2026-10-11T13:30:00Z,Philadelphia Eagles,Jacksonville Jaguars,false
2cda9bf0fbe35a2735f0dd8aaafe9eff,2026-10-11T17:00:00Z,Minnesota Vikings,New Orleans Saints,false
448d7cf18c6db4c811ed82ded1b72867,2026-10-11T17:00:00Z,Indianapolis Colts,Pittsburgh Steelers,false
6b024bad1abb54f597225e4ab9b39d89,2026-10-11T17:00:00Z,Las Vegas Raiders,New England Patriots,false
9db4ed15fe34fca1fb62f040cd244591,2026-10-11T17:00:00Z,Cleveland Browns,New York Jets,false
c4647ca1201e6768501877267ca8251b,2026-10-11T17:00:00Z,Cincinnati Bengals,Miami Dolphins,false
cc52bba56e74f5cddbe9011046181c3d,2026-10-11T17:00:00Z,Houston Texans,Tennessee Titans,false
fbffd0b7722fd81d68d5d62472dc80e8,2026-10-11T17:00:00Z,New York Giants,Washington Commanders,false
d1d408fdfd272046fb517fe992a1c5a0,2026-10-11T20:05:00Z,Denver Broncos,Los Angeles Chargers,false
2caea57b1e5cfbba1334cfbfd46f6771,2026-10-11T20:25:00Z,Chicago Bears,Green Bay Packers,false
8e5d515b10d8a5ffb324640ed60bcc55,2026-10-11T20:25:00Z,San Francisco 49ers,Seattle Seahawks,false
f8e7f43f73aa983c5c99c189587f0118,2026-10-11T20:25:00Z,Detroit Lions,Arizona Cardinals,false
86457f91112732f21ad4bb7d37bd291c,2026-10-12T00:20:00Z,Baltimore Ravens,Atlanta Falcons,false
e6d00eedd87d367e510314bd8cab8f6f,2026-10-13T00:15:00Z,Buffalo Bills,Los Angeles Rams,false
855f58fad5f0f14b239f4f63df27998b,2026-10-16T00:15:00Z,Seattle Seahawks,Denver Broncos,false
57418b2cf5aca558b3c98eafac1e264a,2026-10-18T13:30:00Z,Houston Texans,Jacksonville Jaguars,false
0b0b582b32b09ab6ff6664ffae0c9653,2026-10-18T17:00:00Z,New York Jets,New England Patriots,false
1cf74afd313e9fd300e1462012b174cb,2026-10-18T17:00:00Z,New Orleans Saints,New York Giants,false
27f3994841ce8081c0b7349cf3d1e3d7,2026-10-18T17:00:00Z,Pittsburgh Steelers,Tampa Bay Buccaneers,false
7c312fdf24fb35f58b0e07c2932cc997,2026-10-18T17:00:00Z,Chicago Bears,Atlanta Falcons,false
84aa9e190e625d7e9cd67e1f157a45b4,2026-10-18T17:00:00Z,Tennessee Titans,Indianapolis Colts,false
caca2d752fe1a1779029082e95332fcc,2026-10-18T17:00:00Z,Carolina Panthers,Philadelphia Eagles,false
e86227938fd3cf008fc5648fb5128344,2026-10-18T17:00:00Z,Baltimore Ravens,Cleveland Browns,false
3729ac6d2a66b642850caf2044cdc658,2026-10-18T20:05:00Z,Arizona Cardinals,Los Angeles Rams,false
20fefae8c296247460ba5773caa42218,2026-10-18T20:25:00Z,Los Angeles Chargers,Kansas City Chiefs,false
45b2690b350ed45145c7a716b18e8e66,2026-10-18T20:25:00Z,Buffalo Bills,Las Vegas Raiders,false
82fd5a159fa130e67abab93a9537f70b,2026-10-19T00:20:00Z,Dallas Cowboys,Green Bay Packers,false
f122527f003276d3bca19efa48c902c1,2026-10-20T00:15:00Z,Washington Commanders,San Francisco 49ers,false
ffebea881c1d7b2dfb85b3e590c35985,2026-10-23T00:15:00Z,New England Patriots,Chicago Bears,false
2e710ea5a306b614f0f966e3d78732f8,2026-10-25T13:30:00Z,Pittsburgh Steelers,New Orleans Saints,false
2823e986597c449ab94126cd5ed3fae9,2026-10-25T17:00:00Z,Tampa Bay Buccaneers,Carolina Panthers,false
2bba7fde6f97d0e54403d53676e4ab63,2026-10-25T17:00:00Z,New York Giants,Houston Texans,false
550ec5290f935d311995affbcb0b5c79,2026-10-25T17:00:00Z,Cincinnati Bengals,Baltimore Ravens,false
5dce18baccec5d3ad5fb3a3ce52f7619,2026-10-25T17:00:00Z,Cleveland Browns,Tennessee Titans,false
b1be064fb52a198a62109c279e7ab24c,2026-10-25T17:00:00Z,San Francisco 49ers,Atlanta Falcons,false
be5dd120ca08b43d647b6caa8953500a,2026-10-25T17:00:00Z,Miami Dolphins,New York Jets,false
f3992ad4496724baf7dcd1ef58245d6b,2026-10-25T17:00:00Z,Indianapolis Colts,Minnesota Vikings,false
436119bb3ccdaa6ed7808aa3ebd82b76,2026-10-25T20:05:00Z,Denver Broncos,Arizona Cardinals,false
e8e5715eefb6a9ce64765e9ddf49c0cc,2026-10-25T20:25:00Z,Green Bay Packers,Detroit Lions,false
f7679cf18454e4d88a8f2b990c3f08ac,2026-10-25T20:25:00Z,Los Angeles Rams,Las Vegas Raiders,false
176d474ed8b2bbf1eb4d7e9c56b4bf22,2026-10-26T00:20:00Z,Kansas City Chiefs,Seattle Seahawks,false
4853610e63c246f2027a6a248e642c9a,2026-10-27T00:15:00Z,Dallas Cowboys,Philadelphia Eagles,false
ab2865e9f2d4b012de8bc6fb6de11a7c,2026-10-30T00:15:00Z,Carolina Panthers,Green Bay Packers,false
159dbf0253dd2038eda2212f84387f0c,2026-11-01T18:00:00Z,Indianapolis Colts,Jacksonville Jaguars,false
52e7ee9c42525e6deec02da32dc2fad8,2026-11-01T18:00:00Z,Minnesota Vikings,Detroit Lions,false
921859689f5f8b3b8b1caf4248bdb1ec,2026-11-01T18:00:00Z,Atlanta Falcons,Tampa Bay Buccaneers,false
9255ca8f32aea590d00aa57de79f6bb6,2026-11-01T18:00:00Z,Arizona Cardinals,Dallas Cowboys,false
98f1b121b793977434c046e76c707145,2026-11-01T18:00:00Z,Las Vegas Raiders,New York Jets,false
9c5d8f57e0ba0fbd9ef436c1f0898f99,2026-11-01T18:00:00Z,Tennessee Titans,Cincinnati Bengals,false
ab5ab731ab655bd6308bc7a922275518,2026-11-01T18:00:00Z,Cleveland Browns,Pittsburgh Steelers,false
c93c421e5fa46031a43162d111d981d0,2026-11-01T18:00:00Z,Baltimore Ravens,Buffalo Bills,false
2ff84d3f6053d083c8c0a5bebf7cdd4c,2026-11-01T21:05:00Z,Los Angeles Chargers,Los Angeles Rams,false
05405af79752f5e742cdf50b61f6745e,2026-11-01T21:25:00Z,New England Patriots,Miami Dolphins,false
f2a036d5edf483a277880014861e78ad,2026-11-01T21:25:00Z,Kansas City Chiefs,Denver Broncos,false
b9c60db63b1a19ad319f24b33c0defe8,2026-11-02T01:20:00Z,Philadelphia Eagles,Washington Commanders,false
7d664fbcd39350e559d83c0068ba7169,2026-11-03T01:20:00Z,Chicago Bears,Seattle Seahawks,false
c75744790b7acf6260c78ba5e739c0e5,2026-11-06T01:15:00Z,Jacksonville Jaguars,Baltimore Ravens,false
dc56d980f527ffeef89940133b211b13,2026-11-08T14:30:00Z,Cincinnati Bengals,Atlanta Falcons,false
014282b888c741b7d70c857c09f40aa7,2026-11-08T18:00:00Z,Denver Broncos,Carolina Panthers,false
415fc42e72888c63e82f7bce24c65391,2026-11-08T18:00:00Z,Dallas Cowboys,Indianapolis Colts,false
44d8c37868b700e90f816db7c5df5cdd,2026-11-08T18:00:00Z,Detroit Lions,Miami Dolphins,false
89de07377e0aa8ffaa2ae6a7dc0855cc,2026-11-08T18:00:00Z,Los Angeles Rams,Washington Commanders,false
e354e6a04b1cb9c96e549b863debb92e,2026-11-08T18:00:00Z,New York Jets,Kansas City Chiefs,false
e571bab6736f9338130a78a4f75c3231,2026-11-08T18:00:00Z,Cleveland Browns,New Orleans Saints,false
fe93e6ab1e553c0169936a0a983c324f,2026-11-08T18:00:00Z,New York Giants,Philadelphia Eagles,false
39aeac43cea7b12558b91cdab1255a10,2026-11-08T21:05:00Z,Houston Texans,Los Angeles Chargers,false
ac9d38a18d5c92814233a31aa9a48d78,2026-11-08T21:05:00Z,Las Vegas Raiders,San Francisco 49ers,false
240e23b02b1e3fef655d04a286b5a623,2026-11-08T21:25:00Z,Arizona Cardinals,Seattle Seahawks,false
2922c573ec3df8466c4a34975e446898,2026-11-08T21:25:00Z,Green Bay Packers,New England Patriots,false
9760d8f19f84bfee300a74ceb656c95d,2026-11-09T01:20:00Z,Tampa Bay Buccaneers,Chicago Bears,false
17ad7eff2f7875e20a8109abe40470e3,2026-11-10T01:15:00Z,Buffalo Bills,Minnesota Vikings,false
74d39e19225caf211ad2c8eb4110179f,2026-11-13T01:15:00Z,Washington Commanders,New York Giants,false
b8c10fdf1e0ac4e13deee7f7c0af0b0b,2026-11-15T14:30:00Z,New England Patriots,Detroit Lions,false
1057d50949844ddf483da9c8c20354be,2026-11-15T18:00:00Z,Buffalo Bills,New York Jets,false
28800df7e768ecec14f116454d560f9b,2026-11-15T18:00:00Z,Jacksonville Jaguars,Tennessee Titans,false
3c71d515b726f1096aabb435badb83fd,2026-11-15T18:00:00Z,Kansas City Chiefs,Atlanta Falcons,false
5d8d85473b87f772a979ecf294acab94,2026-11-15T18:00:00Z,Minnesota Vikings,Green Bay Packers,false
b5700b4d938fd94429f60d4622cc9c0a,2026-11-15T18:00:00Z,Miami Dolphins,Indianapolis Colts,false
be0e03cc42fbc9b6962467b22c7bf9dd,2026-11-15T18:00:00Z,Houston Texans,Cleveland Browns,false
e5aa20e1364dd639f042af1c2281bbe2,2026-11-15T18:00:00Z,Carolina Panthers,New Orleans Saints,false
6079a5cbabf99b265a17edfc92a1da60,2026-11-15T21:05:00Z,Seattle Seahawks,Las Vegas Raiders,false
6c932a965110f3f89ec4a5f1a6ac256e,2026-11-15T21:05:00Z,Los Angeles Rams,Arizona Cardinals,false
7627192fd89b05120ab6c712aa23fd81,2026-11-15T21:25:00Z,San Francisco 49ers,Dallas Cowboys,false
48e497c230e6c9afcb3b600091d28e17,2026-11-16T01:20:00Z,Pittsburgh Steelers,Cincinnati Bengals,false
35e3bdff558b5d1506251e814986f164,2026-11-17T01:15:00Z,Los Angeles Chargers,Baltimore Ravens,false
66f9e83cf025d58acee12bce18661fb3,2026-11-20T01:15:00Z,Indianapolis Colts,Houston Texans,false
3ea90704fb576633bd1e2fa5aafd9ea3,2026-11-22T18:00:00Z,New Orleans Saints,Chicago Bears,false
403a88701352da05b0710a9e883b803e,2026-11-22T18:00:00Z,Arizona Cardinals,Kansas City Chiefs,false
41e2dd69bddd65d7e823d9ed61cc2afc,2026-11-22T18:00:00Z,Tampa Bay Buccaneers,Detroit Lions,false
4527f57f5bc32742d8194af1ccf7da7e,2026-11-22T18:00:00Z,Baltimore Ravens,Carolina Panthers,false
4c5b1c0843a260278e95eb93e7787576,2026-11-22T18:00:00Z,Miami Dolphins,Buffalo Bills,false
5e63079b678f8c13419adc169fff02d3,2026-11-22T18:00:00Z,Tennessee Titans,Dallas Cowboys,false
8ba112fabf4e87639338a5f437c5abfe,2026-11-22T18:00:00Z,Jacksonville Jaguars,New York Giants,false
4b20b742b6168aaca4f25d87f11b1526,2026-11-22T21:05:00Z,New York Jets,Los Angeles Chargers,false
1940706a79cbcbafacdcbf231069716b,2026-11-22T21:25:00Z,Las Vegas Raiders,Denver Broncos,false
cbe45bafcc2615fc1d96cbc12840377a,2026-11-22T21:25:00Z,Pittsburgh Steelers,Philadelphia Eagles,false
60e1d27b083a335b722c2c852ea85612,2026-11-23T01:20:00Z,Minnesota Vikings,San Francisco 49ers,false
3a60ed1d20004aa4d4772b2c1a2272e7,2026-11-24T01:15:00Z,Cincinnati Bengals,Washington Commanders,false
5b612899d6dcdf998107f2c6c6e49a58,2026-11-26T01:00:00Z,Green Bay Packers,Los Angeles Rams,false
9b825e6518156008da499be041975fdd,2026-11-26T18:00:00Z,Chicago Bears,Detroit Lions,false
ffaa06af56a7137d4b078c5c46c0b730,2026-11-26T20:30:00Z,Philadelphia Eagles,Dallas Cowboys,false
f36f518585aec40e8cb40e071c0844aa,2026-11-27T01:20:00Z,Kansas City Chiefs,Buffalo Bills,false
44a3bcf5bd002583ddef2207a92dd977,2026-11-27T20:00:00Z,Denver Broncos,Pittsburgh Steelers,false
5ea0e3ea5944b0ad5169f21c0787b331,2026-11-29T18:00:00Z,New York Jets,Miami Dolphins,false
60d0c074801985c1062795362a24200e,2026-11-29T18:00:00Z,Baltimore Ravens,Houston Texans,false
6a05021bdb6bab24b9bb381ffff10f0c,2026-11-29T18:00:00Z,Atlanta Falcons,Minnesota Vikings,false
81a8fee5b649a3ad5ad59e9528f2f376,2026-11-29T18:00:00Z,Tennessee Titans,Jacksonville Jaguars,false
e9da808e36e1b7475698a57465ad4519,2026-11-29T18:00:00Z,New York Giants,Indianapolis Colts,false
eaa993c3d62d6b5aeb6142cdd7862fd5,2026-11-29T18:00:00Z,Las Vegas Raiders,Cleveland Browns,false
f7d3ae7a8fe2438cef7d7d7bc67e31db,2026-11-29T18:00:00Z,New Orleans Saints,Cincinnati Bengals,false
69a1dbe9de3d3212c3a7a55be5d204ab,2026-11-29T21:25:00Z,Washington Commanders,Arizona Cardinals,false
d68dced0b26726890b9c79bd19a5ffe5,2026-11-29T21:25:00Z,Seattle Seahawks,San Francisco 49ers,false
c64ceba13ede564e8658693e3171e7f9,2026-11-30T01:20:00Z,New England Patriots,Los Angeles Chargers,false
2cdaecba7c0bff9b58a48a82e6ee17a7,2026-12-01T01:15:00Z,Carolina Panthers,Tampa Bay Buccaneers,false
06e52a676b516186989e3b181a37c8a7,2026-12-04T01:15:00Z,Kansas City Chiefs,Los Angeles Rams,false
0236f9aa68d65ea03bd1ca025b749c20,2026-12-06T18:00:00Z,Jacksonville Jaguars,Chicago Bears,false
1ccb61b811b7aae4270df22a67e6459f,2026-12-06T18:00:00Z,Green Bay Packers,New Orleans Saints,false
9a55467e1cd6310ae2af20d8154612e1,2026-12-06T18:00:00Z,Miami Dolphins,Denver Broncos,false
a5495c3360b3bb13da76ba23a675c9ef,2026-12-06T18:00:00Z,San Francisco 49ers,New York Giants,false
ae3429e95ee704c7fd001cade20072d0,2026-12-06T18:00:00Z,Washington Commanders,Tennessee Titans,false
b447fab53534af892f98a74eae26c1c6,2026-12-06T18:00:00Z,Cincinnati Bengals,Cleveland Browns,false
c94419ba8fb818fc36a5b21b526aab75,2026-12-06T18:00:00Z,Detroit Lions,Atlanta Falcons,false
f8a92363386bd337975650879086cca6,2026-12-06T18:00:00Z,Los Angeles Chargers,Tampa Bay Buccaneers,false
f4897f48a5351881280f7598bd826408,2026-12-06T21:05:00Z,Philadelphia Eagles,Arizona Cardinals,false
4116dbff75ab7957b69c2152f204b74d,2026-12-06T21:25:00Z,Buffalo Bills,New England Patriots,false
c186c605febd6370b292469c9151cfb3,2026-12-06T21:25:00Z,Carolina Panthers,Minnesota Vikings,false
26bf8e165d2d273ed0772a355f07ab16,2026-12-07T01:20:00Z,Houston Texans,Pittsburgh Steelers,false
0db4646c964ecdff19957373fe707546,2026-12-08T01:15:00Z,Dallas Cowboys,Seattle Seahawks,false
01548e41e7ba5318bb25c9bc2a32f73d,2026-12-11T01:15:00Z,Minnesota Vikings,New England Patriots,false
2c6added7199a59f1e9dae8492c29da4,2026-12-13T18:00:00Z,Chicago Bears,Miami Dolphins,false
45203f985f8d1567ad19b0617dd267f8,2026-12-13T18:00:00Z,Indianapolis Colts,Philadelphia Eagles,false
5185ace33aebc87d39074147940f2fa5,2026-12-13T18:00:00Z,Denver Broncos,New York Jets,false
5dc9cb8fba610d682dc670ae4e7d59f3,2026-12-13T18:00:00Z,Houston Texans,Washington Commanders,false
a31f461ccd92e1072f23ccfae281ae9a,2026-12-13T18:00:00Z,Tennessee Titans,Detroit Lions,false
bec99e2f2b4c80e345731d69ee38d831,2026-12-13T18:00:00Z,Tampa Bay Buccaneers,Baltimore Ravens,false
dcc7b377d3b3ec990304612bbef47d3d,2026-12-13T18:00:00Z,New Orleans Saints,Carolina Panthers,false
f7fba6b1804e02292ee0ce4738484258,2026-12-13T18:00:00Z,Atlanta Falcons,Cleveland Browns,false
484c491dc1dee090d740ba077b7d9709,2026-12-13T21:05:00Z,Los Angeles Chargers,Las Vegas Raiders,false
180b5fa7ea6bd0d2d9ddb9ba5ee38cc0,2026-12-13T21:25:00Z,Kansas City Chiefs,Cincinnati Bengals,false
6174916c7e2df8d1b80a88cfbd259d44,2026-12-13T21:25:00Z,Los Angeles Rams,San Francisco 49ers,false
f5ab9d8455daf9e2a6c4c443fe0cd19f,2026-12-13T21:25:00Z,New York Giants,Seattle Seahawks,false
c4877c048defcb80e0ab37c0688f37f6,2026-12-14T01:20:00Z,Buffalo Bills,Green Bay Packers,false
690e2ee2ed5f0875f7cbaecdc51373f5,2026-12-15T01:15:00Z,Pittsburgh Steelers,Jacksonville Jaguars,false
790af233087803c297861901ffa271d7,2026-12-18T01:15:00Z,San Francisco 49ers,Los Angeles Chargers,false
171aba127aaad3dcbe32a02fc194eb32,2026-12-19T22:00:00Z,Seattle Seahawks,Philadelphia Eagles,false
784568b1df055bf7eb8780c110d5e910,2026-12-20T01:20:00Z,Chicago Bears,Buffalo Bills,false
000fc688beb4fc004ecdad115d9adb1c,2026-12-20T18:00:00Z,Cincinnati Bengals,Carolina Panthers,false
1cb23c83ae4af84cffcdae6b31d06e83,2026-12-20T18:00:00Z,Cleveland Browns,New York Giants,false
29211b6e78461220a2833184233f70e5,2026-12-20T18:00:00Z,Jacksonville Jaguars,Houston Texans,false
2f4b1899c1c278947920e0254b682d90,2026-12-20T18:00:00Z,Baltimore Ravens,Pittsburgh Steelers,false
3b696c07ff6a1ef461d023a73db17584,2026-12-20T18:00:00Z,Indianapolis Colts,Tennessee Titans,false
5931eee49f5f2656a5344e1388a68816,2026-12-20T18:00:00Z,Atlanta Falcons,Washington Commanders,false
99719df35bc2efdcc72096f865ed8841,2026-12-20T18:00:00Z,Miami Dolphins,Green Bay Packers,false
e15a91cebf3480ff0b93b4fbacb09797,2026-12-20T18:00:00Z,New Orleans Saints,Tampa Bay Buccaneers,false
d8cd12e7684fa2aa39f5b188ef6e62e0,2026-12-20T21:05:00Z,New York Jets,Arizona Cardinals,false
77396e9d565860fbfd05779028223a8a,2026-12-20T21:25:00Z,Dallas Cowboys,Los Angeles Rams,false
9f507007b9c0a7082c1471a5fa841336,2026-12-20T21:25:00Z,Denver Broncos,Las Vegas Raiders,false
b34897a0368d570291d44e176c0c2331,2026-12-21T01:20:00Z,Detroit Lions,Minnesota Vikings,false
b2759105c27a25289ea1938f290c50fd,2026-12-22T01:15:00Z,New England Patriots,Kansas City Chiefs,false
3f226ec5402c6ec4d84a59be80c2fa67,2026-12-25T01:15:00Z,Houston Texans,Philadelphia Eagles,false
2828c07018dfafbe96aba205809cc7ac,2026-12-25T18:00:00Z,Green Bay Packers,Chicago Bears,false
126f27c71e8130ef87de0d137e833d9b,2026-12-25T21:30:00Z,Buffalo Bills,Denver Broncos,false
f1af9705dbd2bbe4f1555f080ad06ba2,2026-12-26T01:15:00Z,Los Angeles Rams,Seattle Seahawks,false
0f23afce92c2f0af28973c0a7533763e,2026-12-27T18:00:00Z,Cleveland Browns,Baltimore Ravens,false
29425f5c68826d615277cf9be2b82e00,2026-12-27T18:00:00Z,Tennessee Titans,Las Vegas Raiders,false
669a7b568c2a64f9a136dadb0eda1da8,2026-12-27T18:00:00Z,New England Patriots,New York Jets,false
74cb0e112d069cdbda1671ae85531f43,2026-12-27T18:00:00Z,Carolina Panthers,Pittsburgh Steelers,false
8fd00347b6d77ce384d83cba814430d7,2026-12-27T18:00:00Z,Arizona Cardinals,New Orleans Saints,false
bd13d00f06ad222b0a1b6ea4d0add763,2026-12-27T18:00:00Z,Tampa Bay Buccaneers,Atlanta Falcons,false
ca8982dccb6c3ae01525800317287f02,2026-12-27T18:00:00Z,Cincinnati Bengals,Indianapolis Colts,false
cf5cefa5556bcd0156bd394171ef6c8e,2026-12-27T18:00:00Z,Washington Commanders,Minnesota Vikings,false
fe2eb511d4c2da3a8e88b85b4f4e9f7e,2026-12-27T18:00:00Z,Los Angeles Chargers,Miami Dolphins,false
fc7cce3ae7c73cc7151357829e11b6d5,2026-12-27T21:25:00Z,San Francisco 49ers,Kansas City Chiefs,false
b1c4ec04c3398a9efa25492000858384,2026-12-28T01:20:00Z,Jacksonville Jaguars,Dallas Cowboys,false
ca92c191ebf7361ea56f9bbc09a5f51b,2026-12-29T01:15:00Z,New York Giants,Detroit Lions,false
be268ce293cf4fad1c0c867a3ca4c257,2027-01-01T01:15:00Z,Baltimore Ravens,Cincinnati Bengals,false
419106b9bcc9f7ef39cfc2d1ee9a3f87,2027-01-03T18:00:00Z,Los Angeles Rams,Tampa Bay Buccaneers,false
b009f04b4f61b264a5163157c3439dc1,2027-01-03T18:00:00Z,Seattle Seahawks,Carolina Panthers,false
bfe51fa0034c9d22a69ffd80e2d717f5,2027-01-03T18:00:00Z,Minnesota Vikings,New York Jets,false
c8945d476449633912cf51a346ac98ca,2027-01-03T18:00:00Z,New York Giants,Dallas Cowboys,false
c96a3e9e40569b4ed5a546dff131c61d,2027-01-03T18:00:00Z,Washington Commanders,Jacksonville Jaguars,false
d0ffa5ed13cbd7610f9176041464404a,2027-01-03T18:00:00Z,Pittsburgh Steelers,Tennessee Titans,false
d9a186d988a3ede2a33e504f4890fe52,2027-01-03T18:00:00Z,Buffalo Bills,Miami Dolphins,false
e5dd9cc3fd5452d55c250949e946743d,2027-01-03T18:00:00Z,New Orleans Saints,Atlanta Falcons,false
f2e03f9b857485bb13211ee0f5eb5935,2027-01-03T18:00:00Z,Indianapolis Colts,Cleveland Browns,false
f62dba1e231083f489c391271a1f171c,2027-01-03T18:00:00Z,Denver Broncos,New England Patriots,false
08abdb683fcb6d77f66baed136f47283,2027-01-03T21:05:00Z,Las Vegas Raiders,Arizona Cardinals,false
12089441cea51add4694cdde98b4a5b7,2027-01-03T21:25:00Z,Detroit Lions,Chicago Bears,false
67d842cb73300ef923959105698b63bb,2027-01-03T21:25:00Z,Kansas City Chiefs,Los Angeles Chargers,false
e7820b1226edbb1ef1fddce6b20f963d,2027-01-04T01:20:00Z,Philadelphia Eagles,San Francisco 49ers,false
37bc346543da471e067b695b862ccfe9,2027-01-05T01:15:00Z,Houston Texans,Green Bay Packers,false
01baed6f9d6482c5d89d37379c7c63c7,2027-01-10T18:00:00Z,Philadelphia Eagles,New York Giants,false
3f460f14b810d7bf642bdf7b658530c0,2027-01-10T18:00:00Z,Dallas Cowboys,Washington Commanders,false
71d0d10e384393c1e071c39dd3931c19,2027-01-10T18:00:00Z,Los Angeles Chargers,Denver Broncos,false
7b8ce34c0e173e4ff6ccf8e8caa09113,2027-01-10T18:00:00Z,Tampa Bay Buccaneers,New Orleans Saints,false
7f809a45bc8baedf0cb0259e7da7cd29,2027-01-10T18:00:00Z,Atlanta Falcons,Carolina Panthers,false
8c16104c8afc72b583531508b2aa1c33,2027-01-10T18:00:00Z,Cleveland Browns,Cincinnati Bengals,false
8f81778bbdb984be44e24a3d55a49b4d,2027-01-10T18:00:00Z,Detroit Lions,Green Bay Packers,false
97cbd9ad26dff1af47192120defe112d,2027-01-10T18:00:00Z,New York Jets,Buffalo Bills,false
9bb63096709ba607443c454d2a813b14,2027-01-10T18:00:00Z,Tennessee Titans,Houston Texans,false
bb66a6f02c535c0cd8b9c689a5513687,2027-01-10T18:00:00Z,Las Vegas Raiders,Kansas City Chiefs,false
bea47af467e217653bba8d69888e4d95,2027-01-10T18:00:00Z,Jacksonville Jaguars,Indianapolis Colts,false
d190fb7ea85c33b96a495041dad22142,2027-01-10T18:00:00Z,Chicago Bears,Minnesota Vikings,false
d7da5587a88a7fc35c36b453d3264d5a,2027-01-10T18:00:00Z,Pittsburgh Steelers,Baltimore Ravens,false
f370f9410ef82b37bd15d1719434370b,2027-01-10T18:00:00Z,Miami Dolphins,New England Patriots,false
dc2d9177b48e6f3962dabb1407aba7d3,2027-01-10T21:05:00Z,Seattle Seahawks,Los Angeles Rams,false
f1480276ab67dcf60686556ba9336695,2027-01-10T21:05:00Z,San Francisco 49ers,Arizona Cardinals,false
