league,game_id,game_date,commence_time,home_team,away_team,home_team_key,away_team_key,status,completed,source_system,has_schedule_match,bookmaker_count,market_count,has_h2h,has_spreads,has_totals,display_matchup,display_time_utc,bridge_warning
nhl,225b5cb299e929c06658a0340ad5b835,2026-06-15,2026-06-15T00:00:00Z,Vegas Golden Knights,Carolina Hurricanes,VGK,CAR,,False,odds_api_flattened,True,11,3,True,True,True,Carolina Hurricanes at Vegas Golden Knights,2026-06-15T00:00:00Z,Bridge artifact only. Not a predictive model output. No ROI or pick generated.
nhl,9de33ce1013f2a3375dbded2c9fbc7d6,2026-09-29,2026-09-29T21:10:00Z,Carolina Hurricanes,Florida Panthers,CAR,FLA,,False,odds_api_flattened,False,7,3,True,True,True,Florida Panthers at Carolina Hurricanes,2026-09-29T21:10:00Z,Bridge artifact only. Not a predictive model output. No ROI or pick generated.
nhl,485b295347cb22f002e014cb87813ed7,2026-09-29,2026-09-29T23:10:00Z,Toronto Maple Leafs,Montréal Canadiens,TOR,MAC,,False,odds_api_flattened,False,7,3,True,True,True,Montréal Canadiens at Toronto Maple Leafs,2026-09-29T23:10:00Z,Bridge artifact only. Not a predictive model output. No ROI or pick generated.
nhl,ac3cb11040dbdb0d2ccfa53e7d6b6cda,2026-09-30,2026-09-30T00:10:00Z,Boston Bruins,New York Rangers,BOS,NYR,,False,odds_api_flattened,False,7,3,True,True,True,New York Rangers at Boston Bruins,2026-09-30T00:10:00Z,Bridge artifact only. Not a predictive model output. No ROI or pick generated.
nhl,82c96670ad269b3647066b5e5032e0fd,2026-09-30,2026-09-30T02:10:00Z,Edmonton Oilers,Vancouver Canucks,EDM,VAN,,False,odds_api_flattened,False,7,3,True,True,True,Vancouver Canucks at Edmonton Oilers,2026-09-30T02:10:00Z,Bridge artifact only. Not a predictive model output. No ROI or pick generated.
nhl,deceabd9bfa9fdbfb352546844ecee9b,2026-09-30,2026-09-30T02:40:00Z,Vegas Golden Knights,Chicago Blackhawks,VGK,CHI,,False,odds_api_flattened,False,7,3,True,True,True,Chicago Blackhawks at Vegas Golden Knights,2026-09-30T02:40:00Z,Bridge artifact only. Not a predictive model output. No ROI or pick generated.
nhl,255dd8cc841121349fe98f49791da840,2026-09-30,2026-09-30T23:40:00Z,Philadelphia Flyers,Pittsburgh Penguins,PHI,PIT,,False,odds_api_flattened,False,3,3,True,True,True,Pittsburgh Penguins at Philadelphia Flyers,2026-09-30T23:40:00Z,Bridge artifact only. Not a predictive model output. No ROI or pick generated.
nhl,13520f2d7e050ef0f37b2c8ba7ff4a53,2026-10-01,2026-10-01T02:10:00Z,Colorado Avalanche,Los Angeles Kings,COL,LAK,,False,odds_api_flattened,False,3,3,True,True,True,Los Angeles Kings at Colorado Avalanche,2026-10-01T02:10:00Z,Bridge artifact only. Not a predictive model output. No ROI or pick generated.
nhl,4cfafb524b2107d73365ce0709b59dd8,2026-10-01,2026-10-01T23:10:00Z,Columbus Blue Jackets,Buffalo Sabres,CBJ,BUF,,False,odds_api_flattened,False,2,3,True,True,True,Buffalo Sabres at Columbus Blue Jackets,2026-10-01T23:10:00Z,Bridge artifact only. Not a predictive model output. No ROI or pick generated.
nhl,adafb8ad64a5e4413184d98e9c06820d,2026-10-01,2026-10-01T23:10:00Z,New Jersey Devils,Philadelphia Flyers,NJD,PHI,,False,odds_api_flattened,False,2,3,True,True,True,Philadelphia Flyers at New Jersey Devils,2026-10-01T23:10:00Z,Bridge artifact only. Not a predictive model output. No ROI or pick generated.
nhl,d0da884cccf9d1c73f498109c9ccbfa5,2026-10-01,2026-10-01T23:10:00Z,New York Rangers,Tampa Bay Lightning,NYR,TBL,,False,odds_api_flattened,False,1,3,True,True,True,Tampa Bay Lightning at New York Rangers,2026-10-01T23:10:00Z,Bridge artifact only. Not a predictive model output. No ROI or pick generated.
nhl,d7ee30a18a428cc3a3f08a82b0c482d4,2026-10-02,2026-10-02T00:10:00Z,Nashville Predators,Minnesota Wild,NSH,MIN,,False,odds_api_flattened,False,2,3,True,True,True,Minnesota Wild at Nashville Predators,2026-10-02T00:10:00Z,Bridge artifact only. Not a predictive model output. No ROI or pick generated.
nhl,4d301bd0ac75067598d134600a80918c,2026-10-02,2026-10-02T01:10:00Z,Utah Mammoth,Chicago Blackhawks,UTA,CHI,,False,odds_api_flattened,False,2,3,True,True,True,Chicago Blackhawks at Utah Mammoth,2026-10-02T01:10:00Z,Bridge artifact only. Not a predictive model output. No ROI or pick generated.
nhl,d120fca986fb8752c71db9002a8dd1b7,2026-10-02,2026-10-02T01:10:00Z,Calgary Flames,Seattle Kraken,CGY,SEA,,False,odds_api_flattened,False,2,3,True,True,True,Seattle Kraken at Calgary Flames,2026-10-02T01:10:00Z,Bridge artifact only. Not a predictive model output. No ROI or pick generated.
nhl,6b3f5ca8c7e1a314027966d8854d7989,2026-10-02,2026-10-02T02:10:00Z,San Jose Sharks,Florida Panthers,SJS,FLA,,False,odds_api_flattened,False,2,3,True,True,True,Florida Panthers at San Jose Sharks,2026-10-02T02:10:00Z,Bridge artifact only. Not a predictive model output. No ROI or pick generated.
nhl,fd5a73a467bdf52881aac58d5fb71b58,2026-10-02,2026-10-02T02:10:00Z,Vancouver Canucks,Edmonton Oilers,VAN,EDM,,False,odds_api_flattened,False,1,3,True,True,True,Edmonton Oilers at Vancouver Canucks,2026-10-02T02:10:00Z,Bridge artifact only. Not a predictive model output. No ROI or pick generated.
nhl,5b5466f836933f5fb3ed4b9f267cce75,2026-10-02,2026-10-02T22:40:00Z,Detroit Red Wings,New York Rangers,DET,NYR,,False,odds_api_flattened,False,2,3,True,True,True,New York Rangers at Detroit Red Wings,2026-10-02T22:40:00Z,Bridge artifact only. Not a predictive model output. No ROI or pick generated.
nhl,f5a9759e52a784d5fdcc1f3a2fcfc5a2,2026-10-03,2026-10-03T00:10:00Z,Winnipeg Jets,Boston Bruins,WPG,BOS,,False,odds_api_flattened,False,2,3,True,True,True,Boston Bruins at Winnipeg Jets,2026-10-03T00:10:00Z,Bridge artifact only. Not a predictive model output. No ROI or pick generated.
nhl,797f03124f9bb08624b199c28f621c61,2026-10-03,2026-10-03T01:10:00Z,Dallas Stars,St Louis Blues,DAL,STL,,False,odds_api_flattened,False,2,3,True,True,True,St Louis Blues at Dallas Stars,2026-10-03T01:10:00Z,Bridge artifact only. Not a predictive model output. No ROI or pick generated.
nhl,25079431893a620763e5a454d7991922,2026-10-03,2026-10-03T23:10:00Z,Tampa Bay Lightning,Washington Capitals,TBL,WSH,,False,odds_api_flattened,False,2,3,True,True,True,Washington Capitals at Tampa Bay Lightning,2026-10-03T23:10:00Z,Bridge artifact only. Not a predictive model output. No ROI or pick generated.
nhl,53b58ae0f99c8172ebee3bd82e7c83a7,2026-10-03,2026-10-03T23:10:00Z,Pittsburgh Penguins,Montréal Canadiens,PIT,MAC,,False,odds_api_flattened,False,2,3,True,True,True,Montréal Canadiens at Pittsburgh Penguins,2026-10-03T23:10:00Z,Bridge artifact only. Not a predictive model output. No ROI or pick generated.
nhl,8d556511643d0c038bff0b7cf4f2b64f,2026-10-03,2026-10-03T23:10:00Z,Buffalo Sabres,Chicago Blackhawks,BUF,CHI,,False,odds_api_flattened,False,1,3,True,True,True,Chicago Blackhawks at Buffalo Sabres,2026-10-03T23:10:00Z,Bridge artifact only. Not a predictive model output. No ROI or pick generated.
nhl,3e2c8a883cae029144e27e4fca5ae9e8,2026-10-03,2026-10-03T23:40:00Z,New York Islanders,New Jersey Devils,NYI,NJD,,False,odds_api_flattened,False,2,3,True,True,True,New Jersey Devils at New York Islanders,2026-10-03T23:40:00Z,Bridge artifact only. Not a predictive model output. No ROI or pick generated.
nhl,3a9af73961ea2f2322255a6fca4d421e,2026-10-04,2026-10-04T00:10:00Z,Minnesota Wild,Boston Bruins,MIN,BOS,,False,odds_api_flattened,False,2,3,True,True,True,Boston Bruins at Minnesota Wild,2026-10-04T00:10:00Z,Bridge artifact only. Not a predictive model output. No ROI or pick generated.
nhl,6cac1fc86136075a23655625562fd8dc,2026-10-05,2026-10-05T00:10:00Z,Anaheim Ducks,Florida Panthers,ANA,FLA,,False,odds_api_flattened,False,2,3,True,True,True,Florida Panthers at Anaheim Ducks,2026-10-05T00:10:00Z,Bridge artifact only. Not a predictive model output. No ROI or pick generated.
nhl,d90c875a1c75ed65db6e3dc2f4a1afcc,2026-10-05,2026-10-05T00:10:00Z,Seattle Kraken,Calgary Flames,SEA,CGY,,False,odds_api_flattened,False,1,3,True,True,True,Calgary Flames at Seattle Kraken,2026-10-05T00:10:00Z,Bridge artifact only. Not a predictive model output. No ROI or pick generated.
nhl,3b7b6520b0bc91f44cf9c9575d7e29f7,2026-10-06,2026-10-06T23:10:00Z,Montréal Canadiens,Carolina Hurricanes,MAC,CAR,,False,odds_api_flattened,False,1,3,True,True,True,Carolina Hurricanes at Montréal Canadiens,2026-10-06T23:10:00Z,Bridge artifact only. Not a predictive model output. No ROI or pick generated.
nhl,e77f5de1229c03c1338f5cf3eb6797ba,2026-10-07,2026-10-07T00:10:00Z,Chicago Blackhawks,St Louis Blues,CHI,STL,,False,odds_api_flattened,False,1,3,True,True,True,St Louis Blues at Chicago Blackhawks,2026-10-07T00:10:00Z,Bridge artifact only. Not a predictive model output. No ROI or pick generated.
nhl,3a95439904d3d0af12970bb0c8e66a3a,2026-10-07,2026-10-07T02:40:00Z,Los Angeles Kings,Florida Panthers,LAK,FLA,,False,odds_api_flattened,False,1,3,True,True,True,Florida Panthers at Los Angeles Kings,2026-10-07T02:40:00Z,Bridge artifact only. Not a predictive model output. No ROI or pick generated.
nhl,8112572f236320d4d4c99b6eb0989b94,2026-10-07,2026-10-07T23:40:00Z,Washington Capitals,Pittsburgh Penguins,WSH,PIT,,False,odds_api_flattened,False,2,3,True,True,True,Pittsburgh Penguins at Washington Capitals,2026-10-07T23:40:00Z,Bridge artifact only. Not a predictive model output. No ROI or pick generated.
nhl,9f6db651fe2d7363616cc72625c4972d,2026-10-08,2026-10-08T23:10:00Z,Ottawa Senators,Philadelphia Flyers,OTT,PHI,,False,odds_api_flattened,False,2,3,True,True,True,Philadelphia Flyers at Ottawa Senators,2026-10-08T23:10:00Z,Bridge artifact only. Not a predictive model output. No ROI or pick generated.
nhl,01d78cd04d7c4fb958e1d02bace05ec4,2026-10-09,2026-10-09T00:10:00Z,St Louis Blues,San Jose Sharks,STL,SJS,,False,odds_api_flattened,False,1,3,True,True,True,San Jose Sharks at St Louis Blues,2026-10-09T00:10:00Z,Bridge artifact only. Not a predictive model output. No ROI or pick generated.
nhl,4951992db982c394e261970cbfb52332,2026-10-10,2026-10-10T22:10:00Z,Florida Panthers,Minnesota Wild,FLA,MIN,,False,odds_api_flattened,False,1,3,True,True,True,Minnesota Wild at Florida Panthers,2026-10-10T22:10:00Z,Bridge artifact only. Not a predictive model output. No ROI or pick generated.
