team_name,canonical_name,generated_team_key,reason
Abilene Christian Wildcats,Abilene Christian Wildcats,ACW,missing from normalization config keys
Air Force Falcons,Air Force Falcons,AFF,missing from normalization config keys
Akron Zips,Akron Zips,AZ,missing from normalization config keys
Alabama A&M Bulldogs,Alabama A&M Bulldogs,AAA,missing from normalization config keys
Alabama Crimson Tide,Alabama Crimson Tide,ACT,missing from normalization config keys
Alabama State Hornets,Alabama State Hornets,ASH,missing from normalization config keys
Albany,Albany,ALB,missing from normalization config keys
Alcorn State Braves,Alcorn State Braves,ASB,missing from normalization config keys
App State Mountaineers,App State Mountaineers,ASM,missing from normalization config keys
Appalachian State Mountaineers,Appalachian State Mountaineers,ASM2,missing from normalization config keys
Arizona State Sun Devils,Arizona State Sun Devils,ASS,missing from normalization config keys
Arizona Wildcats,Arizona Wildcats,AW,missing from normalization config keys
Arkansas Pine Bluff Golden Lions,Arkansas Pine Bluff Golden Lions,APB,missing from normalization config keys
Arkansas Razorbacks,Arkansas Razorbacks,AR,missing from normalization config keys
Arkansas State Red Wolves,Arkansas State Red Wolves,ASR,missing from normalization config keys
Arkansas-Pine Bluff Golden Lions,Arkansas-Pine Bluff Golden Lions,APB2,missing from normalization config keys
Army Black Knights,Army Black Knights,ABK,missing from normalization config keys
Auburn Tigers,Auburn Tigers,AT,missing from normalization config keys
Austin Peay Governors,Austin Peay Governors,APG,missing from normalization config keys
BYU Cougars,BYU Cougars,BC,missing from normalization config keys
Ball State Cardinals,Ball State Cardinals,BSC,missing from normalization config keys
Baylor Bears,Baylor Bears,BB,missing from normalization config keys
Bethune-Cookman Wildcats,Bethune-Cookman Wildcats,BCW,missing from normalization config keys
Boise State Broncos,Boise State Broncos,BSB,missing from normalization config keys
Boston College Eagles,Boston College Eagles,BCE,missing from normalization config keys
Bowling Green Falcons,Bowling Green Falcons,BGF,missing from normalization config keys
Bryant Bulldogs,Bryant Bulldogs,BB2,missing from normalization config keys
Bucknell Bison,Bucknell Bison,BB3,missing from normalization config keys
Buffalo Bulls,Buffalo Bulls,BB4,missing from normalization config keys
Cal Poly Mustangs,Cal Poly Mustangs,CPM,missing from normalization config keys
California Golden Bears,California Golden Bears,CGB,missing from normalization config keys
Campbell Fighting Camels,Campbell Fighting Camels,CFC,missing from normalization config keys
Central Arkansas Bears,Central Arkansas Bears,CAB,missing from normalization config keys
Central Connecticut Blue Devils,Central Connecticut Blue Devils,CCB,missing from normalization config keys
Central Michigan Chippewas,Central Michigan Chippewas,CMC,missing from normalization config keys
Charleston Southern Buccaneers,Charleston Southern Buccaneers,CSB,missing from normalization config keys
Charlotte 49ers,Charlotte 49ers,C4,missing from normalization config keys
Chattanooga Mocs,Chattanooga Mocs,CM,missing from normalization config keys
Cincinnati Bearcats,Cincinnati Bearcats,CB,missing from normalization config keys
Citadel Bulldogs,Citadel Bulldogs,CB2,missing from normalization config keys
Clemson Tigers,Clemson Tigers,CT,missing from normalization config keys
Coastal Carolina Chanticleers,Coastal Carolina Chanticleers,CCC,missing from normalization config keys
Colgate Raiders,Colgate Raiders,CR,missing from normalization config keys
Colorado Buffaloes,Colorado Buffaloes,CB3,missing from normalization config keys
Colorado State Rams,Colorado State Rams,CSR,missing from normalization config keys
Delaware Blue Hens,Delaware Blue Hens,DBH,missing from normalization config keys
Delaware State Hornets,Delaware State Hornets,DSH,missing from normalization config keys
Duke Blue Devils,Duke Blue Devils,DBD,missing from normalization config keys
Duquesne Dukes,Duquesne Dukes,DD,missing from normalization config keys
East Carolina Pirates,East Carolina Pirates,ECP,missing from normalization config keys
East Tennessee State Buccaneers,East Tennessee State Buccaneers,ETS,missing from normalization config keys
East Texas A&M Lions,East Texas A&M Lions,ETA,missing from normalization config keys
Eastern Illinois Panthers,Eastern Illinois Panthers,EIP,missing from normalization config keys
Eastern Kentucky Colonels,Eastern Kentucky Colonels,EKC,missing from normalization config keys
Eastern Michigan Eagles,Eastern Michigan Eagles,EME,missing from normalization config keys
Eastern Washington Eagles,Eastern Washington Eagles,EWE,missing from normalization config keys
Elon Phoenix,Elon Phoenix,EP,missing from normalization config keys
Florida A&M Rattlers,Florida A&M Rattlers,FAA,missing from normalization config keys
Florida Atlantic Owls,Florida Atlantic Owls,FAO,missing from normalization config keys
Florida Gators,Florida Gators,FG,missing from normalization config keys
Florida International Panthers,Florida International Panthers,FIP,missing from normalization config keys
Florida State Seminoles,Florida State Seminoles,FSS,missing from normalization config keys
Fordham Rams,Fordham Rams,FR,missing from normalization config keys
Fresno State Bulldogs,Fresno State Bulldogs,FSB,missing from normalization config keys
Furman Paladins,Furman Paladins,FP,missing from normalization config keys
Gardner-Webb Runnin Bulldogs,Gardner-Webb Runnin Bulldogs,GWR,missing from normalization config keys
Georgia Bulldogs,Georgia Bulldogs,GB,missing from normalization config keys
Georgia Southern Eagles,Georgia Southern Eagles,GSE,missing from normalization config keys
Georgia State Panthers,Georgia State Panthers,GSP,missing from normalization config keys
Georgia Tech Yellow Jackets,Georgia Tech Yellow Jackets,GTY,missing from normalization config keys
Grambling State Tigers,Grambling State Tigers,GST,missing from normalization config keys
Hampton Pirates,Hampton Pirates,HP,missing from normalization config keys
Hawai'i Rainbow Warriors,Hawai'i Rainbow Warriors,HIR,missing from normalization config keys
Hawaii Rainbow Warriors,Hawaii Rainbow Warriors,HRW,missing from normalization config keys
Holy Cross Crusaders,Holy Cross Crusaders,HCC,missing from normalization config keys
Houston Baptist Huskies,Houston Baptist Huskies,HBH,missing from normalization config keys
Houston Christian Huskies,Houston Christian Huskies,HCH,missing from normalization config keys
Houston Cougars,Houston Cougars,HC,missing from normalization config keys
Howard Bison,Howard Bison,HB,missing from normalization config keys
Idaho State Bengals,Idaho State Bengals,ISB,missing from normalization config keys
Idaho Vandals,Idaho Vandals,IV,missing from normalization config keys
Illinois Fighting Illini,Illinois Fighting Illini,IFI,missing from normalization config keys
Illinois State Redbirds,Illinois State Redbirds,ISR,missing from normalization config keys
Incarnate Word Cardinals,Incarnate Word Cardinals,IWC,missing from normalization config keys
Indiana Hoosiers,Indiana Hoosiers,IH,missing from normalization config keys
Indiana State Sycamores,Indiana State Sycamores,ISS,missing from normalization config keys
Iowa Hawkeyes,Iowa Hawkeyes,IH2,missing from normalization config keys
Iowa State Cyclones,Iowa State Cyclones,ISC,missing from normalization config keys
Jackson State Tigers,Jackson State Tigers,JST,missing from normalization config keys
Jacksonville State Gamecocks,Jacksonville State Gamecocks,JSG,missing from normalization config keys
James Madison Dukes,James Madison Dukes,JMD,missing from normalization config keys
Kansas Jayhawks,Kansas Jayhawks,KJ,missing from normalization config keys
Kansas State Wildcats,Kansas State Wildcats,KSW,missing from normalization config keys
Kennesaw State Owls,Kennesaw State Owls,KSO,missing from normalization config keys
Kent State Golden Flashes,Kent State Golden Flashes,KSG,missing from normalization config keys
Kentucky Wildcats,Kentucky Wildcats,KW,missing from normalization config keys
LIU Sharks,LIU Sharks,LS,missing from normalization config keys
LSU Tigers,LSU Tigers,LT,missing from normalization config keys
Lafayette Leopards,Lafayette Leopards,LL,missing from normalization config keys
Lamar Cardinals,Lamar Cardinals,LC,missing from normalization config keys
Liberty Flames,Liberty Flames,LF,missing from normalization config keys
Lindenwood Lions,Lindenwood Lions,LL2,missing from normalization config keys
Long Island University Sharks,Long Island University Sharks,LIU,missing from normalization config keys
Louisiana Ragin Cajuns,Louisiana Ragin Cajuns,LRC,missing from normalization config keys
Louisiana Ragin' Cajuns,Louisiana Ragin' Cajuns,LRC2,missing from normalization config keys
Louisiana Tech Bulldogs,Louisiana Tech Bulldogs,LTB,missing from normalization config keys
Louisville Cardinals,Louisville Cardinals,LC2,missing from normalization config keys
Maine Black Bears,Maine Black Bears,MBB,missing from normalization config keys
Marshall Thundering Herd,Marshall Thundering Herd,MTH,missing from normalization config keys
Maryland Terrapins,Maryland Terrapins,MT,missing from normalization config keys
Massachusetts Minutemen,Massachusetts Minutemen,MM,missing from normalization config keys
McNeese State Cowboys,McNeese State Cowboys,MSC,missing from normalization config keys
Memphis Tigers,Memphis Tigers,MT2,missing from normalization config keys
Mercer Bears,Mercer Bears,MB,missing from normalization config keys
Mercyhurst Lakers,Mercyhurst Lakers,ML,missing from normalization config keys
Merrimack Warriors,Merrimack Warriors,MW,missing from normalization config keys
Miami (OH) RedHawks,Miami (OH) RedHawks,MOR,missing from normalization config keys
Miami Hurricanes,Miami Hurricanes,MH,missing from normalization config keys
Michigan State Spartans,Michigan State Spartans,MSS,missing from normalization config keys
Michigan Wolverines,Michigan Wolverines,MW2,missing from normalization config keys
Middle Tennessee Blue Raiders,Middle Tennessee Blue Raiders,MTB,missing from normalization config keys
Minnesota Golden Gophers,Minnesota Golden Gophers,MGG,missing from normalization config keys
Mississippi State Bulldogs,Mississippi State Bulldogs,MSB,missing from normalization config keys
Mississippi Valley State Delta Devils,Mississippi Valley State Delta Devils,MVS,missing from normalization config keys
Missouri State Bears,Missouri State Bears,MSB2,missing from normalization config keys
Missouri Tigers,Missouri Tigers,MT3,missing from normalization config keys
Monmouth Hawks,Monmouth Hawks,MH2,missing from normalization config keys
Montana State Bobcats,Montana State Bobcats,MSB3,missing from normalization config keys
Morgan State Bears,Morgan State Bears,MSB4,missing from normalization config keys
Murray State Racers,Murray State Racers,MSR,missing from normalization config keys
NC State Wolfpack,NC State Wolfpack,NSW,missing from normalization config keys
Navy Midshipmen,Navy Midshipmen,NM,missing from normalization config keys
Nebraska Cornhuskers,Nebraska Cornhuskers,NC,missing from normalization config keys
Nevada Wolf Pack,Nevada Wolf Pack,NWP,missing from normalization config keys
New Hampshire Wildcats,New Hampshire Wildcats,NHW,missing from normalization config keys
New Mexico Lobos,New Mexico Lobos,NML,missing from normalization config keys
New Mexico State Aggies,New Mexico State Aggies,NMS,missing from normalization config keys
Nicholls Colonels,Nicholls Colonels,NC2,missing from normalization config keys
Nicholls State Colonels,Nicholls State Colonels,NSC,missing from normalization config keys
Norfolk State Spartans,Norfolk State Spartans,NSS,missing from normalization config keys
North Alabama Lions,North Alabama Lions,NAL,missing from normalization config keys
North Carolina A&T Aggies,North Carolina A&T Aggies,NCA,missing from normalization config keys
North Carolina Central Eagles,North Carolina Central Eagles,NCC,missing from normalization config keys
North Carolina Tar Heels,North Carolina Tar Heels,NCT,missing from normalization config keys
North Dakota Fighting Hawks,North Dakota Fighting Hawks,NDF,missing from normalization config keys
North Dakota State Bison,North Dakota State Bison,NDS,missing from normalization config keys
North Texas Mean Green,North Texas Mean Green,NTM,missing from normalization config keys
Northern Arizona Lumberjacks,Northern Arizona Lumberjacks,NAL2,missing from normalization config keys
Northern Colorado Bears,Northern Colorado Bears,NCB,missing from normalization config keys
Northern Illinois Huskies,Northern Illinois Huskies,NIH,missing from normalization config keys
Northern Iowa Panthers,Northern Iowa Panthers,NIP,missing from normalization config keys
Northwestern State Demons,Northwestern State Demons,NSD,missing from normalization config keys
Northwestern Wildcats,Northwestern Wildcats,NW,missing from normalization config keys
Notre Dame Fighting Irish,Notre Dame Fighting Irish,NDF2,missing from normalization config keys
Ohio Bobcats,Ohio Bobcats,OB,missing from normalization config keys
Ohio State Buckeyes,Ohio State Buckeyes,OSB,missing from normalization config keys
Oklahoma Sooners,Oklahoma Sooners,OS,missing from normalization config keys
Oklahoma State Cowboys,Oklahoma State Cowboys,OSC,missing from normalization config keys
Old Dominion Monarchs,Old Dominion Monarchs,ODM,missing from normalization config keys
Ole Miss Rebels,Ole Miss Rebels,OMR,missing from normalization config keys
Oregon Ducks,Oregon Ducks,OD,missing from normalization config keys
Oregon State Beavers,Oregon State Beavers,OSB2,missing from normalization config keys
Penn State Nittany Lions,Penn State Nittany Lions,PSN,missing from normalization config keys
Pittsburgh Panthers,Pittsburgh Panthers,PP,missing from normalization config keys
Portland State Vikings,Portland State Vikings,PSV,missing from normalization config keys
Prairie View A&M Panthers,Prairie View A&M Panthers,PVA,missing from normalization config keys
Purdue Boilermakers,Purdue Boilermakers,PB,missing from normalization config keys
Rhode Island Rams,Rhode Island Rams,RIR,missing from normalization config keys
Rice Owls,Rice Owls,RO,missing from normalization config keys
Richmond Spiders,Richmond Spiders,RS,missing from normalization config keys
Robert Morris Colonials,Robert Morris Colonials,RMC,missing from normalization config keys
Rutgers Scarlet Knights,Rutgers Scarlet Knights,RSK,missing from normalization config keys
SE Louisiana Lions,SE Louisiana Lions,SLL,missing from normalization config keys
SMU Mustangs,SMU Mustangs,SM,missing from normalization config keys
Sacramento State Hornets,Sacramento State Hornets,SSH,missing from normalization config keys
Sacred Heart Pioneers,Sacred Heart Pioneers,SHP,missing from normalization config keys
Sam Houston Bearkats,Sam Houston Bearkats,SHB,missing from normalization config keys
Sam Houston State Bearkats,Sam Houston State Bearkats,SHS,missing from normalization config keys
Samford Bulldogs,Samford Bulldogs,SB,missing from normalization config keys
San Diego State Aztecs,San Diego State Aztecs,SDS,missing from normalization config keys
San Jose State Spartans,San Jose State Spartans,SJS,missing from normalization config keys
San José State Spartans,San José State Spartans,SJS2,missing from normalization config keys
South Alabama Jaguars,South Alabama Jaguars,SAJ,missing from normalization config keys
South Carolina Gamecocks,South Carolina Gamecocks,SCG,missing from normalization config keys
South Carolina State Bulldogs,South Carolina State Bulldogs,SCS,missing from normalization config keys
South Dakota Coyotes,South Dakota Coyotes,SDC,missing from normalization config keys
South Dakota State Jackrabbits,South Dakota State Jackrabbits,SDS2,missing from normalization config keys
South Florida Bulls,South Florida Bulls,SFB,missing from normalization config keys
Southeast Missouri State Redhawks,Southeast Missouri State Redhawks,SMS,missing from normalization config keys
Southeastern Louisiana Lions,Southeastern Louisiana Lions,SLL2,missing from normalization config keys
Southern Illinois Salukis,Southern Illinois Salukis,SIS,missing from normalization config keys
Southern Miss Golden Eagles,Southern Miss Golden Eagles,SMG,missing from normalization config keys
Southern Mississippi Golden Eagles,Southern Mississippi Golden Eagles,SMG2,missing from normalization config keys
Southern University Jaguars,Southern University Jaguars,SUJ,missing from normalization config keys
Southern Utah Thunderbirds,Southern Utah Thunderbirds,SUT,missing from normalization config keys
St. Francis (PA) Red Flash,St. Francis (PA) Red Flash,SFP,missing from normalization config keys
Stanford Cardinal,Stanford Cardinal,SC,missing from normalization config keys
Stephen F. Austin Lumberjacks,Stephen F. Austin Lumberjacks,SFA,missing from normalization config keys
Stonehill Skyhawks,Stonehill Skyhawks,SS,missing from normalization config keys
Stony Brook Seawolves,Stony Brook Seawolves,SBS,missing from normalization config keys
Syracuse Orange,Syracuse Orange,SO,missing from normalization config keys
TCU Horned Frogs,TCU Horned Frogs,THF,missing from normalization config keys
Tarleton State Texans,Tarleton State Texans,TST,missing from normalization config keys
Temple Owls,Temple Owls,TO,missing from normalization config keys
Tennessee State Tigers,Tennessee State Tigers,TST2,missing from normalization config keys
Tennessee Tech Golden Eagles,Tennessee Tech Golden Eagles,TTG,missing from normalization config keys
Tennessee Volunteers,Tennessee Volunteers,TV,missing from normalization config keys
Texas A&M Aggies,Texas A&M Aggies,TAA,missing from normalization config keys
Texas Longhorns,Texas Longhorns,TL,missing from normalization config keys
Texas Southern Tigers,Texas Southern Tigers,TST3,missing from normalization config keys
Texas State Bobcats,Texas State Bobcats,TSB,missing from normalization config keys
Texas Tech Red Raiders,Texas Tech Red Raiders,TTR,missing from normalization config keys
The Citadel Bulldogs,The Citadel Bulldogs,TCB,missing from normalization config keys
Toledo Rockets,Toledo Rockets,TR,missing from normalization config keys
Towson Tigers,Towson Tigers,TT,missing from normalization config keys
Troy Trojans,Troy Trojans,TT2,missing from normalization config keys
Tulane Green Wave,Tulane Green Wave,TGW,missing from normalization config keys
Tulsa Golden Hurricane,Tulsa Golden Hurricane,TGH,missing from normalization config keys
UAB Blazers,UAB Blazers,UB,missing from normalization config keys
UAlbany Great Danes,UAlbany Great Danes,UGD,missing from normalization config keys
UC Davis Aggies,UC Davis Aggies,UDA,missing from normalization config keys
UCF Knights,UCF Knights,UK,missing from normalization config keys
UCLA Bruins,UCLA Bruins,UB2,missing from normalization config keys
UConn Huskies,UConn Huskies,UH,missing from normalization config keys
UL Monroe Warhawks,UL Monroe Warhawks,UMW,missing from normalization config keys
UMass Minutemen,UMass Minutemen,UM,missing from normalization config keys
UNLV Rebels,UNLV Rebels,UR,missing from normalization config keys
USC Trojans,USC Trojans,UT,missing from normalization config keys
UT Martin Skyhawks,UT Martin Skyhawks,UMS,missing from normalization config keys
UT Rio Grande Valley Vaqueros,UT Rio Grande Valley Vaqueros,URG,missing from normalization config keys
UTEP Miners,UTEP Miners,UM2,missing from normalization config keys
UTSA Roadrunners,UTSA Roadrunners,UR2,missing from normalization config keys
Utah State Aggies,Utah State Aggies,USA,missing from normalization config keys
Utah Tech Trailblazers,Utah Tech Trailblazers,UTT,missing from normalization config keys
Utah Utes,Utah Utes,UU,missing from normalization config keys
VMI Keydets,VMI Keydets,VK,missing from normalization config keys
Vanderbilt Commodores,Vanderbilt Commodores,VC,missing from normalization config keys
Villanova Wildcats,Villanova Wildcats,VW,missing from normalization config keys
Virginia Cavaliers,Virginia Cavaliers,VC2,missing from normalization config keys
Virginia Tech Hokies,Virginia Tech Hokies,VTH,missing from normalization config keys
Wagner Seahawks,Wagner Seahawks,WS,missing from normalization config keys
Wake Forest Demon Deacons,Wake Forest Demon Deacons,WFD,missing from normalization config keys
Washington Huskies,Washington Huskies,WH,missing from normalization config keys
Washington State Cougars,Washington State Cougars,WSC,missing from normalization config keys
Weber State Wildcats,Weber State Wildcats,WSW,missing from normalization config keys
West Georgia Wolves,West Georgia Wolves,WGW,missing from normalization config keys
West Virginia Mountaineers,West Virginia Mountaineers,WVM,missing from normalization config keys
Western Carolina Catamounts,Western Carolina Catamounts,WCC,missing from normalization config keys
Western Illinois Leathernecks,Western Illinois Leathernecks,WIL,missing from normalization config keys
Western Kentucky Hilltoppers,Western Kentucky Hilltoppers,WKH,missing from normalization config keys
Western Michigan Broncos,Western Michigan Broncos,WMB,missing from normalization config keys
William and Mary Tribe,William and Mary Tribe,WAM,missing from normalization config keys
Wisconsin Badgers,Wisconsin Badgers,WB,missing from normalization config keys
Wofford Terriers,Wofford Terriers,WT,missing from normalization config keys
Wyoming Cowboys,Wyoming Cowboys,WC,missing from normalization config keys
Youngstown St Penguins,Youngstown St Penguins,YSP,missing from normalization config keys
Youngstown State Penguins,Youngstown State Penguins,YSP2,missing from normalization config keys
